"gender_feedback","pages_shown","year_shown","entertainer_shown","female_pick","pages_pick","year_pick","entertainer_pick","gender","base_gender","choice-1","choice-2","choice-3","choice-4","choice-5","choice-6","choice-7","race","age","gender_code","race_code"
1,1,0,1,0,0,1,1,"Man",0,"Anthony Bourdain","John Stamos","Napoleon Bonaparte","Tennessee Williams","Thomas Jefferson","J. Robert Oppenheimer","Johnny Cash","American Indian or Alaskan Native",20,1,0
1,0,1,1,0,0,1,1,"Man",2,"Tina Fey","Nelson Mandela","Steve Jobs","Che Guevara","Helen Keller","J. Robert Oppenheimer","Anthony Bourdain","White / Caucasian",22,1,1
1,0,1,1,0,0,0,0,"Woman",4,"Barbra Streisand","Tina Fey","Helen Keller","Anne Frank","J. Robert Oppenheimer","Anthony Bourdain","Nelson Mandela","White / Caucasian",40,0,1
0,1,1,1,1,0,0,0,"Another gender not listed here:",1,"Michael J. Fox","Thomas Jefferson","Willie Nelson","J. Robert Oppenheimer","Napoleon Bonaparte","Anne Frank","Helen Keller","Asian / Pacific Islander",NA,0,0
0,1,1,1,0,0,0,0,"Man",1,"J. Robert Oppenheimer","John Stamos","Steve Jobs","Theodore Roosevelt","Helen Keller","Henry Winkler","Nelson Mandela","Black or African American",20,1,0
0,1,1,1,1,1,1,1,"Man",2,"Nelson Mandela","Steve Jobs","Helen Keller","Mark Twain","Anne Frank","Andrew Jackson","Tina Fey","Asian / Pacific Islander",NA,1,0
1,1,0,1,0,0,1,0,"Man",1,"Anne Frank","Steve Jobs","Anthony Bourdain","Nelson Mandela","J. Robert Oppenheimer","Andrew Jackson","Mark Twain","Asian / Pacific Islander",21,1,0
1,1,0,1,1,0,1,0,"Woman",1,"Nelson Mandela","Helen Keller","Robin Williams","Steve Jobs","Thomas Jefferson","Mark Twain","Jackie Kennedy","Black or African American",36,0,0
1,1,1,0,1,0,1,0,"Woman",3,"Helen Keller","Anne Frank","Barbra Streisand","Nelson Mandela","Michael J. Fox","Theodore Roosevelt","Jackie Kennedy","Asian / Pacific Islander",20,0,0
0,1,1,1,0,1,1,1,"Man",1,"Steve Jobs","J. Robert Oppenheimer","Johnny Cash","Nelson Mandela","Anne Frank","Mark Twain","Willie Nelson","White / Caucasian",22,1,1
0,1,1,1,0,0,1,0,"Man",1,"Nelson Mandela","Steve Jobs","Thomas Jefferson","Anne Frank","Mark Twain","J. Robert Oppenheimer","Napoleon Bonaparte","Asian / Pacific Islander",21,1,0
0,1,1,1,0,0,0,0,"Man",1,"Nelson Mandela","Steve Jobs","Anne Frank","J. Robert Oppenheimer","Andrew Jackson","Che Guevara","Thomas Jefferson","White / Caucasian",19,1,1
1,0,1,1,0,0,1,0,"Man",1,"Andre Agassi","Anthony Bourdain","J. Robert Oppenheimer","Steve Jobs","Che Guevara","Jackie Kennedy","Theodore Roosevelt","Asian / Pacific Islander",22,1,0
1,1,0,1,1,0,1,0,"Man",1,"J. Robert Oppenheimer","Theodore Roosevelt","Nelson Mandela","Helen Keller","Mark Twain","Anthony Bourdain","Jackie Kennedy","White / Caucasian",22,1,1
0,1,1,1,0,0,1,1,"Woman",2,"Anne Frank","Steve Jobs","Napoleon Bonaparte","Andrew Jackson","Nelson Mandela","Barbra Streisand","Robin Williams","Asian / Pacific Islander",NA,0,0
1,1,1,0,1,0,1,0,"Man",3,"Barbra Streisand","Johnny Cash","Helen Keller","Anne Frank","Nelson Mandela","Michael J. Fox","Jackie Kennedy","White / Caucasian",19,1,1
1,1,1,0,0,0,0,0,"Man",2,"Napoleon Bonaparte","Thomas Jefferson","Mark Twain","Theodore Roosevelt","Anne Frank","Helen Keller","Nelson Mandela","Black or African American",22,1,0
0,1,1,1,1,0,1,0,"Man",1,"Steve Jobs","Nelson Mandela","Anne Frank","Che Guevara","Theodore Roosevelt","Andre Agassi","Jackie Kennedy","Asian / Pacific Islander",30,1,0
1,1,0,1,1,0,0,0,"Man",1,"Che Guevara","Jackie Kennedy","Mark Twain","Steve Jobs","Nelson Mandela","Napoleon Bonaparte","Helen Keller","Asian / Pacific Islander",19,1,0
0,1,1,1,0,0,1,0,"Man",2,"J. Robert Oppenheimer","Nelson Mandela","Mark Twain","Anne Frank","Che Guevara","Jackie Kennedy","Theodore Roosevelt","Asian / Pacific Islander",22,1,0
0,1,1,1,1,0,0,0,"Woman",4,"Jackie Kennedy","Tina Fey","Barbra Streisand","Anne Frank","Nelson Mandela","J. Robert Oppenheimer","Helen Keller","Asian / Pacific Islander",20,0,0
1,1,0,1,1,0,1,0,"Man",2,"Nelson Mandela","Steve Jobs","Helen Keller","J. Robert Oppenheimer","Anne Frank","Thomas Jefferson","Jackie Kennedy","Asian / Pacific Islander",19,1,0
1,0,1,1,1,0,0,1,"Woman",4,"Jackie Kennedy","Nelson Mandela","Helen Keller","John Stamos","Tina Fey","Anne Frank","Barbra Streisand","Asian / Pacific Islander",19,0,0
0,1,1,1,0,0,1,0,"Man",2,"J. Robert Oppenheimer","Thomas Jefferson","Anne Frank","Mark Twain","Theodore Roosevelt","Helen Keller","Andrew Jackson","White / Caucasian",20,1,1
0,1,1,1,1,0,0,1,"Man",3,"Steve Jobs","Anne Frank","Tina Fey","Jackie Kennedy","Anthony Bourdain","Nelson Mandela","Barbra Streisand","Asian / Pacific Islander",22,1,0
1,1,1,0,0,0,1,0,"Woman",1,"Napoleon Bonaparte","Che Guevara","Theodore Roosevelt","Nelson Mandela","J. Robert Oppenheimer","Anne Frank","Tennessee Williams","White / Caucasian",21,0,1
0,1,1,1,0,0,1,1,"Woman",1,"Anne Frank","Che Guevara","Nelson Mandela","Robin Williams","J. Robert Oppenheimer","Andrew Jackson","Anthony Bourdain","Hispanic / Latinx",21,0,0
1,1,1,0,1,0,0,1,"Man",0,"John Stamos","Nelson Mandela","Robin Williams","Steve Jobs","Michael J. Fox","Theodore Roosevelt","Barbra Streisand","Black or African American",31,1,0
0,1,1,1,0,0,0,1,"Man",1,"Helen Keller","Nelson Mandela","Steve Jobs","J. Robert Oppenheimer","Mark Twain","Henry Winkler","Jim Carroll","Black or African American",28,1,0
1,0,1,1,0,0,1,0,"Woman",2,"Tina Fey","Anne Frank","J. Robert Oppenheimer","Che Guevara","Johnny Cash","Theodore Roosevelt","Steve Jobs","White / Caucasian",54,0,1
1,1,1,0,0,0,1,0,"Woman",2,"Steve Jobs","Nelson Mandela","Tina Fey","Jackie Kennedy","Anthony Bourdain","Andre Agassi","Napoleon Bonaparte","Asian / Pacific Islander",NA,0,0
0,1,1,1,0,1,1,1,"Man",1,"Jim Carroll","Henry Winkler","Tina Fey","Andrew Jackson","Anthony Bourdain","Napoleon Bonaparte","Willie Nelson","White / Caucasian",26,1,1
0,1,1,1,0,0,0,0,"Man",1,"Johnny Cash","Andrew Jackson","Steve Jobs","Thomas Jefferson","Theodore Roosevelt","Anne Frank","Nelson Mandela","White / Caucasian",29,1,1
0,1,1,1,0,0,1,0,"Woman",2,"Nelson Mandela","Anne Frank","Theodore Roosevelt","Steve Jobs","Jackie Kennedy","Thomas Jefferson","J. Robert Oppenheimer","Asian / Pacific Islander",28,0,0
1,1,0,1,1,0,1,0,"Man",1,"Tina Fey","Nelson Mandela","J. Robert Oppenheimer","Theodore Roosevelt","Steve Jobs","Napoleon Bonaparte","Jackie Kennedy","Asian / Pacific Islander",33,1,0
0,1,1,1,1,0,1,0,"Man",0,"Anthony Bourdain","Napoleon Bonaparte","Steve Jobs","Michael J. Fox","Nelson Mandela","J. Robert Oppenheimer","Jackie Kennedy","White / Caucasian",27,1,1
1,1,0,1,0,0,0,0,"Woman",2,"Andre Agassi","Anthony Bourdain","Jackie Kennedy","Tina Fey","Michael J. Fox","Steve Jobs","Nelson Mandela","Asian / Pacific Islander",27,0,0
0,1,1,1,0,0,0,0,"Man",0,"Robin Williams","Che Guevara","Michael J. Fox","Jim Carroll","Anthony Bourdain","J. Robert Oppenheimer","Nelson Mandela","Hispanic / Latinx",23,1,0
1,1,1,0,1,1,1,1,"Woman",1,"John Stamos","Robin Williams","Johnny Cash","Thomas Jefferson","Jackie Kennedy","Steve Jobs","Tina Fey","White / Caucasian",23,0,1
0,1,1,1,0,0,1,0,"Man",0,"Anthony Bourdain","Andre Agassi","J. Robert Oppenheimer","Thomas Jefferson","Napoleon Bonaparte","Steve Jobs","Theodore Roosevelt","Asian / Pacific Islander",20,1,0
1,0,1,1,1,1,1,1,"Man",1,"Steve Jobs","Andrew Jackson","Thomas Jefferson","Andre Agassi","John Stamos","Barbra Streisand","Tina Fey","White / Caucasian",22,1,1
1,0,1,1,1,0,0,0,"Woman",3,"Barbra Streisand","Anne Frank","Michael J. Fox","Tina Fey","Nelson Mandela","Robin Williams","Helen Keller","Black or African American",59,0,0
1,1,1,0,0,0,1,1,"Man",1,"Anthony Bourdain","Thomas Jefferson","Nelson Mandela","Helen Keller","Theodore Roosevelt","Willie Nelson","Robin Williams","Asian / Pacific Islander",51,1,0
0,1,1,1,0,0,1,0,"Man",1,"Mark Twain","Napoleon Bonaparte","Steve Jobs","Nelson Mandela","Anne Frank","Andrew Jackson","Che Guevara","Asian / Pacific Islander",56,1,0
0,1,1,1,0,0,1,0,"Woman",2,"Nelson Mandela","Johnny Cash","Napoleon Bonaparte","Anthony Bourdain","Tina Fey","Anne Frank","Mark Twain","White / Caucasian",22,0,1
1,1,0,1,1,0,0,1,"Woman",2,"Jackie Kennedy","Steve Jobs","Michael J. Fox","Tennessee Williams","Tina Fey","J. Robert Oppenheimer","Barbra Streisand","White / Caucasian",49,0,1
0,1,1,1,0,0,1,0,"Man",1,"Steve Jobs","J. Robert Oppenheimer","Napoleon Bonaparte","Thomas Jefferson","Anne Frank","Theodore Roosevelt","Andrew Jackson","Asian / Pacific Islander",NA,1,0
0,1,1,1,0,0,0,0,"Man",1,"Tina Fey","Henry Winkler","Steve Jobs","Theodore Roosevelt","J. Robert Oppenheimer","Robin Williams","Nelson Mandela","Asian / Pacific Islander",NA,1,0
0,1,1,1,0,0,0,0,"Man",0,"J. Robert Oppenheimer","Steve Jobs","Anthony Bourdain","Napoleon Bonaparte","Henry Winkler","Willie Nelson","Nelson Mandela","Asian / Pacific Islander",25,1,0
1,1,1,0,0,0,1,0,"Man",0,"Thomas Jefferson","J. Robert Oppenheimer","Andrew Jackson","Napoleon Bonaparte","Theodore Roosevelt","Steve Jobs","Che Guevara","White / Caucasian",30,1,1
1,0,1,1,1,0,0,0,"Woman",2,"Tina Fey","Steve Jobs","Robin Williams","J. Robert Oppenheimer","Jackie Kennedy","Thomas Jefferson","Helen Keller","Asian / Pacific Islander",50,0,0
1,1,0,1,1,0,0,0,"Man",0,"J. Robert Oppenheimer","Mark Twain","Johnny Cash","Andre Agassi","Michael J. Fox","Robin Williams","Helen Keller","Asian / Pacific Islander",19,1,0
0,1,1,1,0,0,1,0,"Woman",2,"Mark Twain","Anne Frank","J. Robert Oppenheimer","Helen Keller","Nelson Mandela","Jim Carroll","Steve Jobs","Asian / Pacific Islander",20,0,0
0,1,1,1,0,0,1,0,"Man",1,"Anne Frank","Andre Agassi","Steve Jobs","J. Robert Oppenheimer","Robin Williams","Napoleon Bonaparte","Mark Twain","Asian / Pacific Islander",20,1,0
1,0,1,1,0,0,1,1,"Woman",2,"Mark Twain","Robin Williams","Che Guevara","Helen Keller","Tina Fey","Nelson Mandela","Johnny Cash","White / Caucasian",74,0,1
1,0,1,1,0,0,0,0,"Man",0,"Theodore Roosevelt","Johnny Cash","J. Robert Oppenheimer","Keith Richards","Thomas Jefferson","Willie Nelson","Nelson Mandela","White / Caucasian",21,1,1
1,1,0,1,1,0,1,0,"Woman",2,"John Stamos","Barbra Streisand","Nelson Mandela","Steve Jobs","Robin Williams","Anne Frank","Jackie Kennedy","White / Caucasian",22,0,1
0,1,1,1,1,0,0,0,"Woman",1,"Anne Frank","Nelson Mandela","Johnny Cash","Thomas Jefferson","Mark Twain","Anthony Bourdain","Helen Keller","White / Caucasian",22,0,1
1,0,1,1,0,0,1,0,"Woman",5,"Jackie Kennedy","John Stamos","Anne Frank","Tina Fey","Helen Keller","Barbra Streisand","Che Guevara","Asian / Pacific Islander",19,0,0
0,1,1,1,1,0,1,0,"Woman",1,"J. Robert Oppenheimer","Steve Jobs","Nelson Mandela","Robin Williams","Thomas Jefferson","Tina Fey","Jackie Kennedy","Asian / Pacific Islander",25,0,0
0,1,1,1,0,0,1,0,"Woman",2,"Anne Frank","Helen Keller","Nelson Mandela","Tennessee Williams","Steve Jobs","Mark Twain","J. Robert Oppenheimer",NA,NA,0,0
1,1,1,0,0,0,1,0,"Woman",2,"Thomas Jefferson","Nelson Mandela","Helen Keller","Steve Jobs","Mark Twain","Jackie Kennedy","Napoleon Bonaparte","Asian / Pacific Islander",29,0,0
0,1,1,1,1,0,1,0,"Woman",1,"J. Robert Oppenheimer","Steve Jobs","Theodore Roosevelt","Tina Fey","Napoleon Bonaparte","Nelson Mandela","Jackie Kennedy","Asian / Pacific Islander",19,0,0
1,0,1,1,1,0,1,0,"Woman",1,"Anthony Bourdain","Steve Jobs","Anne Frank","Robin Williams","Nelson Mandela","Napoleon Bonaparte","Jackie Kennedy","White / Caucasian",20,0,1
0,1,1,1,0,0,1,0,"Man",0,"Andre Agassi","Andrew Jackson","Nelson Mandela","Napoleon Bonaparte","Che Guevara","Henry Winkler","Theodore Roosevelt","White / Caucasian",79,1,1
0,1,1,1,1,0,1,0,"Man",2,"Anne Frank","Nelson Mandela","Johnny Cash","Tina Fey","Napoleon Bonaparte","Andrew Jackson","Jackie Kennedy","White / Caucasian",21,1,1
0,1,1,1,1,1,1,1,"Man",1,"Nelson Mandela","Che Guevara","J. Robert Oppenheimer","Thomas Jefferson","Barbra Streisand","Willie Nelson","Tina Fey","White / Caucasian",67,1,1
0,1,1,1,0,0,0,0,"Woman",2,"Anne Frank","Steve Jobs","Robin Williams","Theodore Roosevelt","J. Robert Oppenheimer","Jackie Kennedy","Thomas Jefferson","White / Caucasian",22,0,1
1,1,0,1,0,0,1,0,"Man",2,"Anne Frank","Helen Keller","Anthony Bourdain","Mark Twain","Robin Williams","Nelson Mandela","Theodore Roosevelt","White / Caucasian",21,1,1
1,1,0,1,0,0,1,0,"Woman",2,"Helen Keller","J. Robert Oppenheimer","Che Guevara","Nelson Mandela","Anne Frank","Steve Jobs","Mark Twain","White / Caucasian",47,0,1
1,1,1,0,0,0,0,0,"Man",0,"Steve Jobs","Henry Winkler","Andrew Jackson","John Stamos","Anthony Bourdain","Willie Nelson","Nelson Mandela","Hispanic / Latinx",20,1,0
0,1,1,1,0,0,1,1,"Woman",2,"Che Guevara","Johnny Cash","Jackie Kennedy","Jim Carroll","Nelson Mandela","Tina Fey","Anthony Bourdain","White / Caucasian",23,0,1
1,0,1,1,1,0,0,1,"Man",1,"Keith Richards","Anne Frank","Steve Jobs","Robin Williams","Johnny Cash","Thomas Jefferson","Barbra Streisand","White / Caucasian",47,1,1
0,1,1,1,0,0,1,0,"Man",1,"Anne Frank","Napoleon Bonaparte","Thomas Jefferson","Steve Jobs","Mark Twain","Nelson Mandela","Theodore Roosevelt","White / Caucasian",20,1,1
0,1,1,1,0,0,0,0,"Man",2,"J. Robert Oppenheimer","Steve Jobs","Barbra Streisand","Anne Frank","Theodore Roosevelt","Mark Twain","Nelson Mandela","Asian / Pacific Islander",35,1,0
1,1,1,0,0,0,0,0,"Man",0,"Steve Jobs","Nelson Mandela","J. Robert Oppenheimer","Theodore Roosevelt","Andrew Jackson","Che Guevara","Thomas Jefferson","White / Caucasian",NA,1,1
1,0,1,1,1,0,1,0,"Woman",2,"Nelson Mandela","Steve Jobs","J. Robert Oppenheimer","Anthony Bourdain","Anne Frank","Helen Keller","Jackie Kennedy","Black or African American",20,0,0
0,1,1,1,0,0,1,0,"Man",0,"Theodore Roosevelt","Steve Jobs","Napoleon Bonaparte","Nelson Mandela","J. Robert Oppenheimer","Thomas Jefferson","Mark Twain","White / Caucasian",20,1,1
1,0,1,1,0,0,1,0,"Man",1,"Napoleon Bonaparte","Jackie Kennedy","Theodore Roosevelt","Steve Jobs","Mark Twain","Andre Agassi","J. Robert Oppenheimer","White / Caucasian",19,1,1
1,1,1,0,0,1,1,1,NA,2,"Steve Jobs","Helen Keller","Robin Williams","Michael J. Fox","Andrew Jackson","Barbra Streisand","Keith Richards",NA,NA,0,0
0,1,1,1,0,0,1,0,"Woman",2,"Napoleon Bonaparte","Anthony Bourdain","Barbra Streisand","Nelson Mandela","Jackie Kennedy","J. Robert Oppenheimer","Mark Twain","Asian / Pacific Islander",19,0,0
0,1,1,1,1,1,1,1,"Woman",2,"Helen Keller","Anne Frank","Steve Jobs","Robin Williams","Nelson Mandela","Napoleon Bonaparte","Tina Fey","Asian / Pacific Islander",56,0,0
1,0,1,1,0,0,0,1,"Man",1,"Anthony Bourdain","Anne Frank","Thomas Jefferson","Nelson Mandela","Michael J. Fox","Steve Jobs","Jim Carroll","Asian / Pacific Islander",NA,1,0
1,1,0,1,1,0,0,0,"Man",2,"Jackie Kennedy","Barbra Streisand","Che Guevara","Andrew Jackson","Mark Twain","Nelson Mandela","Anne Frank","Asian / Pacific Islander",NA,1,0
0,1,1,1,1,1,1,1,"Man",0,"Thomas Jefferson","Steve Jobs","J. Robert Oppenheimer","Robin Williams","Michael J. Fox","Nelson Mandela","Tina Fey","Asian / Pacific Islander",NA,1,0
0,1,1,1,0,0,1,0,"Man",2,"Theodore Roosevelt","Anne Frank","Henry Winkler","Thomas Jefferson","J. Robert Oppenheimer","Barbra Streisand","Napoleon Bonaparte","White / Caucasian",59,1,1
1,0,1,1,1,0,0,0,"Woman",1,"Johnny Cash","Steve Jobs","Barbra Streisand","Mark Twain","Theodore Roosevelt","Andrew Jackson","Anne Frank","Asian / Pacific Islander",20,0,0
0,1,1,1,0,0,1,1,"Woman",2,"Steve Jobs","Jackie Kennedy","Barbra Streisand","Theodore Roosevelt","Thomas Jefferson","Napoleon Bonaparte","Robin Williams","Asian / Pacific Islander",20,0,0
1,1,0,1,0,0,1,0,"Woman",3,"John Stamos","J. Robert Oppenheimer","Barbra Streisand","Anne Frank","Helen Keller","Henry Winkler","Che Guevara","White / Caucasian",22,0,1
0,1,1,1,0,0,1,0,"Woman",2,"Nelson Mandela","Steve Jobs","Helen Keller","Anne Frank","Napoleon Bonaparte","J. Robert Oppenheimer","Theodore Roosevelt","Asian / Pacific Islander",19,0,0
1,1,0,1,1,1,1,1,NA,2,"Steve Jobs","Helen Keller","J. Robert Oppenheimer","Andre Agassi","Jim Carroll","Anne Frank","Tina Fey",NA,NA,0,0
1,1,1,0,0,0,1,0,"Man",1,"Anne Frank","Mark Twain","Che Guevara","Napoleon Bonaparte","J. Robert Oppenheimer","Thomas Jefferson","Theodore Roosevelt","Asian / Pacific Islander",25,1,0
0,1,1,1,0,0,0,1,"Man",1,"Steve Jobs","Mark Twain","Theodore Roosevelt","Helen Keller","Che Guevara","Nelson Mandela","Jim Carroll","Asian / Pacific Islander",20,1,0
1,0,1,1,0,0,1,1,"Woman",4,"Jackie Kennedy","Anne Frank","Helen Keller","Nelson Mandela","Tina Fey","J. Robert Oppenheimer","Anthony Bourdain","Asian / Pacific Islander",20,0,0
0,1,1,1,0,0,1,0,"Woman",1,"Steve Jobs","Anne Frank","Nelson Mandela","Michael J. Fox","Thomas Jefferson","Napoleon Bonaparte","Mark Twain","Asian / Pacific Islander",20,0,0
0,1,1,1,0,1,1,1,"Woman",2,"J. Robert Oppenheimer","Tina Fey","Andrew Jackson","Mark Twain","Steve Jobs","Jackie Kennedy","Michael J. Fox","Asian / Pacific Islander",21,0,0
0,1,1,1,0,0,1,0,"Man",2,"Barbra Streisand","Anne Frank","Nelson Mandela","Mark Twain","Johnny Cash","Tennessee Williams","Che Guevara","White / Caucasian",NA,1,1
1,1,0,1,0,0,1,1,NA,0,"J. Robert Oppenheimer","Robin Williams","Steve Jobs","Mark Twain","Napoleon Bonaparte","Che Guevara","Johnny Cash",NA,NA,0,0
0,1,1,1,0,0,1,0,"Woman",4,"Helen Keller","Anne Frank","Anthony Bourdain","Che Guevara","Barbra Streisand","Jackie Kennedy","Napoleon Bonaparte","Asian / Pacific Islander",19,0,0
1,0,1,1,0,1,1,0,"Man",4,"Che Guevara","Nelson Mandela","Barbra Streisand","Anne Frank","Jackie Kennedy","Helen Keller","Andre Agassi","Asian / Pacific Islander",19,1,0
1,1,1,0,0,0,1,0,"Man",0,"Andrew Jackson","Theodore Roosevelt","J. Robert Oppenheimer","Thomas Jefferson","Anthony Bourdain","Napoleon Bonaparte","Mark Twain","White / Caucasian",NA,1,1
0,1,1,1,1,1,1,1,"Man",3,"Anne Frank","Che Guevara","Anthony Bourdain","Nelson Mandela","Helen Keller","Jackie Kennedy","Tina Fey","White / Caucasian",23,1,1
1,0,1,1,0,0,1,0,"Woman",3,"Tina Fey","Che Guevara","Nelson Mandela","Helen Keller","Barbra Streisand","Steve Jobs","J. Robert Oppenheimer","Asian / Pacific Islander",27,0,0
1,1,1,0,0,0,1,0,"Man",1,"Andre Agassi","Tennessee Williams","Barbra Streisand","Che Guevara","Mark Twain","Robin Williams","Steve Jobs","Asian / Pacific Islander",NA,1,0
0,1,1,1,0,0,1,1,"Non-binary",2,"Che Guevara","Helen Keller","Nelson Mandela","Anne Frank","Johnny Cash","Tennessee Williams","Robin Williams","Asian / Pacific Islander",20,0,0
0,1,1,1,1,0,0,0,"Woman",3,"Napoleon Bonaparte","Tina Fey","Helen Keller","Che Guevara","Anthony Bourdain","Barbra Streisand","Anne Frank","Hispanic / Latinx",20,0,0
1,0,1,1,1,1,1,1,"Man",1,"Anthony Bourdain","Napoleon Bonaparte","Theodore Roosevelt","John Stamos","Andrew Jackson","Jackie Kennedy","Tina Fey","White / Caucasian",32,1,1
1,1,0,1,0,0,0,1,"Man",1,"Henry Winkler","Mark Twain","Napoleon Bonaparte","Andre Agassi","Barbra Streisand","Robin Williams","Jim Carroll","Black or African American",22,1,0
0,1,1,1,0,0,1,0,"Woman",1,"Barbra Streisand","Che Guevara","Napoleon Bonaparte","Mark Twain","J. Robert Oppenheimer","Anthony Bourdain","Andrew Jackson","Asian / Pacific Islander",20,0,0
1,1,1,0,0,0,1,0,"Man",2,"Helen Keller","Napoleon Bonaparte","Nelson Mandela","Steve Jobs","Thomas Jefferson","Anne Frank","J. Robert Oppenheimer","Asian / Pacific Islander",20,1,0
0,1,1,1,0,0,1,0,"Man",1,"Steve Jobs","Helen Keller","Thomas Jefferson","J. Robert Oppenheimer","Robin Williams","Michael J. Fox","Napoleon Bonaparte","Asian / Pacific Islander",19,1,0
1,0,1,1,0,0,0,1,"Man",0,"Robin Williams","J. Robert Oppenheimer","Anthony Bourdain","Che Guevara","Nelson Mandela","Steve Jobs","Jim Carroll","White / Caucasian",20,1,1
0,1,1,1,1,1,1,1,"Woman",2,"Robin Williams","Anne Frank","Jackie Kennedy","Theodore Roosevelt","J. Robert Oppenheimer","Thomas Jefferson","Tina Fey","Asian / Pacific Islander",NA,0,0
0,1,1,1,0,0,1,0,"Man",1,"Steve Jobs","Helen Keller","Anthony Bourdain","John Stamos","Thomas Jefferson","Nelson Mandela","Mark Twain","Black or African American",NA,1,0
1,1,1,0,0,0,1,0,"Woman",2,"Anne Frank","Michael J. Fox","Helen Keller","Nelson Mandela","Thomas Jefferson","Mark Twain","J. Robert Oppenheimer","White / Caucasian",21,0,1
1,1,0,1,0,0,1,0,"Woman",2,"Jackie Kennedy","Napoleon Bonaparte","J. Robert Oppenheimer","Anne Frank","Che Guevara","Nelson Mandela","Theodore Roosevelt","Asian / Pacific Islander",NA,0,0
0,1,1,1,0,0,1,1,"Non-binary",4,"Napoleon Bonaparte","J. Robert Oppenheimer","Tina Fey","Anne Frank","Helen Keller","Barbra Streisand","Robin Williams","Asian / Pacific Islander",20,0,0
0,1,1,1,0,0,1,0,"Man",1,"Anthony Bourdain","Johnny Cash","Barbra Streisand","Robin Williams","Steve Jobs","Napoleon Bonaparte","Theodore Roosevelt","Asian / Pacific Islander",21,1,0
0,1,1,1,0,0,1,0,"Woman",3,"Theodore Roosevelt","Tina Fey","Helen Keller","Steve Jobs","Anne Frank","Mark Twain","J. Robert Oppenheimer","Asian / Pacific Islander",NA,0,0
1,1,0,1,0,0,0,1,"Woman",0,"Anthony Bourdain","Che Guevara","J. Robert Oppenheimer","Tennessee Williams","Nelson Mandela","Mark Twain","Jim Carroll","White / Caucasian",20,0,1
1,1,0,1,0,1,1,1,"Non-binary",3,"Tina Fey","Anne Frank","Nelson Mandela","Che Guevara","Barbra Streisand","J. Robert Oppenheimer","Keith Richards","Asian / Pacific Islander",21,0,0
0,1,1,1,0,0,1,0,"Woman",2,"Anne Frank","Nelson Mandela","Andrew Jackson","Che Guevara","J. Robert Oppenheimer","Barbra Streisand","Mark Twain","Asian / Pacific Islander",26,0,0
1,1,0,1,0,0,1,1,"Man",3,"Steve Jobs","Thomas Jefferson","Andre Agassi","Helen Keller","Tina Fey","Jackie Kennedy","Anthony Bourdain","Asian / Pacific Islander",21,1,0
1,1,1,0,1,0,0,1,NA,4,"Robin Williams","Nelson Mandela","Anne Frank","Helen Keller","Jackie Kennedy","Tina Fey","Barbra Streisand",NA,NA,0,0
1,1,0,1,0,0,1,1,"Man",1,"Napoleon Bonaparte","J. Robert Oppenheimer","Anne Frank","Nelson Mandela","Theodore Roosevelt","Steve Jobs","Johnny Cash","White / Caucasian",19,1,1
0,1,1,1,0,0,1,1,"Man",1,"Steve Jobs","Nelson Mandela","Che Guevara","Jim Carroll","Jackie Kennedy","J. Robert Oppenheimer","Johnny Cash","White / Caucasian",21,1,1
0,1,1,1,0,0,0,0,"Woman",0,"J. Robert Oppenheimer","Nelson Mandela","Theodore Roosevelt","Steve Jobs","Andrew Jackson","Che Guevara","Thomas Jefferson","Asian / Pacific Islander",20,0,0
0,1,1,1,0,0,1,0,NA,0,"Steve Jobs","J. Robert Oppenheimer","Andrew Jackson","Henry Winkler","Mark Twain","Robin Williams","Napoleon Bonaparte",NA,NA,0,0
1,1,0,1,1,0,0,1,"Woman",0,"Anthony Bourdain","J. Robert Oppenheimer","Steve Jobs","Nelson Mandela","Napoleon Bonaparte","Mark Twain","Barbra Streisand","Asian / Pacific Islander",NA,0,0
0,1,1,1,0,0,1,0,NA,0,"Thomas Jefferson","Theodore Roosevelt","Henry Winkler","Nelson Mandela","Che Guevara","John Stamos","J. Robert Oppenheimer",NA,NA,0,0
1,1,1,0,0,0,1,0,"Woman",3,"Anthony Bourdain","Steve Jobs","Helen Keller","Tina Fey","Barbra Streisand","Nelson Mandela","Tennessee Williams","Asian / Pacific Islander",21,0,0
1,1,1,0,0,0,1,0,"Woman",3,"Tina Fey","Anne Frank","Nelson Mandela","Mark Twain","Robin Williams","Barbra Streisand","J. Robert Oppenheimer","White / Caucasian",21,0,1
0,1,1,1,1,1,1,1,"Woman",1,"Steve Jobs","Nelson Mandela","Andrew Jackson","Napoleon Bonaparte","Anne Frank","Theodore Roosevelt","Tina Fey","Asian / Pacific Islander",NA,0,0
0,1,1,1,0,0,1,0,"Woman",4,"Tina Fey","Robin Williams","Helen Keller","Theodore Roosevelt","Barbra Streisand","Anne Frank","Napoleon Bonaparte","White / Caucasian",21,0,1
1,0,1,1,0,0,1,0,"Woman",2,"Tina Fey","Napoleon Bonaparte","Theodore Roosevelt","Barbra Streisand","Robin Williams","Che Guevara","J. Robert Oppenheimer","White / Caucasian",22,0,1
0,1,1,1,0,0,1,0,"Man",0,"Steve Jobs","Thomas Jefferson","J. Robert Oppenheimer","Nelson Mandela","Napoleon Bonaparte","Theodore Roosevelt","Mark Twain","Asian / Pacific Islander",21,1,0
0,1,1,1,0,0,1,0,"Man",0,"Johnny Cash","Steve Jobs","Nelson Mandela","Robin Williams","Thomas Jefferson","J. Robert Oppenheimer","Mark Twain","White / Caucasian",32,1,1
1,1,0,1,0,0,1,0,"Woman",2,"Nelson Mandela","Helen Keller","Steve Jobs","Henry Winkler","Anne Frank","John Stamos","Mark Twain","Hispanic / Latinx",19,0,0
1,0,1,1,1,0,0,0,"Woman",3,"J. Robert Oppenheimer","Steve Jobs","Tina Fey","Helen Keller","Jackie Kennedy","Robin Williams","Anne Frank","Asian / Pacific Islander",20,0,0
0,1,1,1,1,0,0,0,"Man",1,"Steve Jobs","Napoleon Bonaparte","Tennessee Williams","Theodore Roosevelt","Robin Williams","Helen Keller","Anne Frank","Asian / Pacific Islander",NA,1,0
0,1,1,1,0,0,1,1,"Woman",3,"Anne Frank","Robin Williams","Helen Keller","Mark Twain","Barbra Streisand","Tennessee Williams","Anthony Bourdain","Asian / Pacific Islander",52,0,0
1,1,0,1,1,0,0,0,"Woman",0,"Nelson Mandela","John Stamos","Steve Jobs","Jim Carroll","Robin Williams","J. Robert Oppenheimer","Helen Keller","Black or African American",21,0,0
1,0,1,1,0,0,1,0,"Woman",2,"Thomas Jefferson","Barbra Streisand","Mark Twain","Steve Jobs","Jackie Kennedy","Robin Williams","Theodore Roosevelt","White / Caucasian",20,0,1
1,0,1,1,0,1,1,0,"Man",0,"Michael J. Fox","Nelson Mandela","Robin Williams","Willie Nelson","Johnny Cash","Steve Jobs","Andre Agassi","White / Caucasian",23,1,1
0,1,1,1,0,0,1,0,"Woman",2,"Nelson Mandela","Tina Fey","Steve Jobs","J. Robert Oppenheimer","Jackie Kennedy","Mark Twain","Che Guevara","White / Caucasian",24,0,1
1,1,1,0,1,0,0,0,"Man",0,"Steve Jobs","J. Robert Oppenheimer","Andrew Jackson","Theodore Roosevelt","Che Guevara","Napoleon Bonaparte","Helen Keller","White / Caucasian",59,1,1
0,1,1,1,0,1,1,1,"Man",1,"Anne Frank","John Stamos","Andrew Jackson","Steve Jobs","J. Robert Oppenheimer","Michael J. Fox","Keith Richards","White / Caucasian",19,1,1
0,1,1,1,0,0,0,0,"Man",0,"Johnny Cash","Willie Nelson","J. Robert Oppenheimer","Napoleon Bonaparte","Che Guevara","Keith Richards","Nelson Mandela","White / Caucasian",19,1,1
1,1,0,1,0,1,1,1,"Woman",2,"Theodore Roosevelt","Helen Keller","Jackie Kennedy","J. Robert Oppenheimer","Steve Jobs","Nelson Mandela","Henry Winkler","White / Caucasian",19,0,1
1,1,1,0,0,0,1,1,"Man",1,"Nelson Mandela","Andre Agassi","Tina Fey","Che Guevara","Napoleon Bonaparte","Steve Jobs","Anthony Bourdain","Hispanic / Latinx",22,1,0
1,1,0,1,0,1,1,1,NA,2,"Tina Fey","Barbra Streisand","Anthony Bourdain","Che Guevara","Theodore Roosevelt","Tennessee Williams","Willie Nelson",NA,NA,0,0
0,1,1,1,0,0,1,0,"Man",0,"Steve Jobs","Napoleon Bonaparte","Thomas Jefferson","Andrew Jackson","Theodore Roosevelt","Nelson Mandela","J. Robert Oppenheimer","Asian / Pacific Islander",NA,1,0
0,1,1,1,0,1,1,1,"Woman",2,"Tina Fey","Steve Jobs","Barbra Streisand","Anthony Bourdain","Keith Richards","Willie Nelson","Henry Winkler","Asian / Pacific Islander",21,0,0
1,1,0,1,1,0,0,0,NA,2,"Napoleon Bonaparte","Andre Agassi","Anne Frank","Tina Fey","Steve Jobs","Nelson Mandela","Helen Keller",NA,NA,0,0
1,0,1,1,1,0,0,1,"Woman",4,"Anne Frank","J. Robert Oppenheimer","Tina Fey","Mark Twain","Helen Keller","Jackie Kennedy","Barbra Streisand","Asian / Pacific Islander",21,0,0
0,1,1,1,0,0,1,0,"Woman",2,"Anne Frank","Steve Jobs","Thomas Jefferson","Nelson Mandela","Jackie Kennedy","Napoleon Bonaparte","Mark Twain","Asian / Pacific Islander",23,0,0
1,0,1,1,0,0,1,0,NA,1,"Napoleon Bonaparte","Robin Williams","Theodore Roosevelt","Mark Twain","Helen Keller","Thomas Jefferson","Steve Jobs","Asian / Pacific Islander",NA,0,0
0,1,1,1,0,0,0,0,NA,0,"Tennessee Williams","Mark Twain","Johnny Cash","Jim Carroll","Anthony Bourdain","Theodore Roosevelt","Nelson Mandela",NA,NA,0,0
1,1,0,1,0,0,0,0,"Man",2,"Steve Jobs","Nelson Mandela","Anne Frank","Helen Keller","Theodore Roosevelt","Napoleon Bonaparte","Thomas Jefferson","Asian / Pacific Islander",25,1,0
0,1,1,1,0,1,1,1,"Man",0,"Anthony Bourdain","Robin Williams","Nelson Mandela","Steve Jobs","J. Robert Oppenheimer","Che Guevara","Henry Winkler","Hispanic / Latinx",21,1,0
0,1,1,1,0,0,0,0,"Man",0,"Che Guevara","Nelson Mandela","Steve Jobs","Napoleon Bonaparte","Andrew Jackson","J. Robert Oppenheimer","Thomas Jefferson","Hispanic / Latinx",22,1,0
1,0,1,1,0,0,1,0,"Man",0,"Anthony Bourdain","Andre Agassi","Robin Williams","Andrew Jackson","Keith Richards","Willie Nelson","Theodore Roosevelt","White / Caucasian",59,1,1
0,1,1,1,0,0,1,1,NA,0,"Nelson Mandela","Andrew Jackson","Steve Jobs","J. Robert Oppenheimer","Thomas Jefferson","Theodore Roosevelt","Anthony Bourdain",NA,NA,0,0
1,1,1,0,1,1,1,1,NA,1,"Helen Keller","Mark Twain","Nelson Mandela","Theodore Roosevelt","Steve Jobs","Che Guevara","Tina Fey","Asian / Pacific Islander",NA,0,0
0,1,1,1,0,0,1,0,"Man",3,"Anthony Bourdain","Steve Jobs","Helen Keller","Anne Frank","J. Robert Oppenheimer","Jackie Kennedy","Che Guevara","Asian / Pacific Islander",19,1,0
1,0,1,1,1,1,1,1,"Man",0,"Steve Jobs","Nelson Mandela","J. Robert Oppenheimer","Andrew Jackson","Michael J. Fox","Robin Williams","Tina Fey","Asian / Pacific Islander",NA,1,0
0,1,1,1,0,0,0,0,"Woman",3,"Anne Frank","Napoleon Bonaparte","Helen Keller","J. Robert Oppenheimer","Mark Twain","Tina Fey","Nelson Mandela","Asian / Pacific Islander",20,0,0
1,1,0,1,0,0,1,0,"Woman",1,"J. Robert Oppenheimer","Henry Winkler","Helen Keller","Thomas Jefferson","Steve Jobs","Andrew Jackson","Napoleon Bonaparte","Asian / Pacific Islander",21,0,0
1,1,1,0,1,0,0,0,"Woman",1,"Andre Agassi","Andrew Jackson","Anne Frank","Thomas Jefferson","Napoleon Bonaparte","Steve Jobs","Helen Keller","Asian / Pacific Islander",NA,0,0
0,1,1,1,0,0,1,0,"Man",0,"Napoleon Bonaparte","Robin Williams","Steve Jobs","Theodore Roosevelt","Nelson Mandela","Thomas Jefferson","Andrew Jackson","White / Caucasian",19,1,1
0,1,1,1,0,0,1,0,"Man",0,"Napoleon Bonaparte","Theodore Roosevelt","J. Robert Oppenheimer","Steve Jobs","Andre Agassi","Anthony Bourdain","Che Guevara","White / Caucasian",19,1,1
1,0,1,1,0,0,1,0,"Woman",2,"Anne Frank","Napoleon Bonaparte","Steve Jobs","Helen Keller","Jim Carroll","Keith Richards","Che Guevara","White / Caucasian",NA,0,1
1,0,1,1,0,0,1,0,"Woman",4,"Helen Keller","Nelson Mandela","Robin Williams","Tina Fey","Anne Frank","Barbra Streisand","Che Guevara","White / Caucasian",20,0,1
1,0,1,1,1,0,0,0,"Woman",2,"Tina Fey","Barbra Streisand","Che Guevara","Nelson Mandela","Robin Williams","Johnny Cash","Helen Keller","Asian / Pacific Islander",23,0,0
0,1,1,1,1,0,0,1,"Woman",2,"Tina Fey","Anne Frank","Nelson Mandela","Robin Williams","Tennessee Williams","Theodore Roosevelt","Barbra Streisand","White / Caucasian",27,0,1
0,1,1,1,0,0,1,0,"Woman",1,"Robin Williams","Barbra Streisand","Nelson Mandela","Anthony Bourdain","Johnny Cash","Che Guevara","Napoleon Bonaparte","Black or African American",NA,0,0
0,1,1,1,1,0,0,0,NA,3,"Barbra Streisand","Jackie Kennedy","Anne Frank","Nelson Mandela","Johnny Cash","Robin Williams","Helen Keller",NA,19,0,0
1,1,0,1,1,0,1,0,"Woman",1,"Nelson Mandela","Napoleon Bonaparte","Che Guevara","Steve Jobs","Anne Frank","Johnny Cash","Jackie Kennedy","Hispanic / Latinx",22,0,0
0,1,1,1,1,1,1,1,"Man",0,"Nelson Mandela","Che Guevara","Theodore Roosevelt","Anthony Bourdain","Robin Williams","J. Robert Oppenheimer","Tina Fey","Black or African American",28,1,0
1,0,1,1,1,0,0,1,"Man",3,"Tina Fey","Jackie Kennedy","J. Robert Oppenheimer","Helen Keller","Anthony Bourdain","Michael J. Fox","Barbra Streisand","Asian / Pacific Islander",30,1,0
1,1,1,0,0,0,0,0,"Man",1,"Steve Jobs","Helen Keller","Nelson Mandela","J. Robert Oppenheimer","John Stamos","Napoleon Bonaparte","Thomas Jefferson","Asian / Pacific Islander",19,1,0
1,1,0,1,1,0,0,0,"Man",1,"Johnny Cash","Mark Twain","Robin Williams","Jackie Kennedy","Nelson Mandela","Theodore Roosevelt","Anne Frank","White / Caucasian",19,1,1
0,1,1,1,1,0,1,0,"Woman",2,"Robin Williams","Henry Winkler","Michael J. Fox","Anne Frank","Anthony Bourdain","Barbra Streisand","Jackie Kennedy","White / Caucasian",22,0,1
0,1,1,1,0,0,0,0,"Man",1,"J. Robert Oppenheimer","Robin Williams","Napoleon Bonaparte","Anthony Bourdain","Steve Jobs","Helen Keller","Nelson Mandela","White / Caucasian",NA,1,1
1,0,1,1,1,0,0,1,NA,0,"Steve Jobs","Jim Carroll","Nelson Mandela","Johnny Cash","J. Robert Oppenheimer","Thomas Jefferson","Barbra Streisand",NA,NA,0,0
0,1,1,1,0,0,1,0,"Man",2,"Helen Keller","Steve Jobs","J. Robert Oppenheimer","Nelson Mandela","Johnny Cash","Anne Frank","Theodore Roosevelt","Asian / Pacific Islander",21,1,0
1,1,1,0,1,0,0,0,"Man",1,"Nelson Mandela","J. Robert Oppenheimer","Anne Frank","Steve Jobs","Napoleon Bonaparte","Che Guevara","Helen Keller","Black or African American",23,1,0
0,1,1,1,0,0,1,1,"Man",1,"Henry Winkler","Napoleon Bonaparte","Nelson Mandela","Che Guevara","Barbra Streisand","Theodore Roosevelt","Johnny Cash","Asian / Pacific Islander",19,1,0
0,1,1,1,0,0,1,0,"Man",1,"Anthony Bourdain","Steve Jobs","Helen Keller","Theodore Roosevelt","Mark Twain","J. Robert Oppenheimer","Napoleon Bonaparte","Asian / Pacific Islander",22,1,0
1,0,1,1,0,0,1,0,"Man",0,"Che Guevara","Theodore Roosevelt","Johnny Cash","Nelson Mandela","Robin Williams","Willie Nelson","Tennessee Williams","White / Caucasian",58,1,1
0,1,1,1,0,0,1,0,"Woman",2,"Steve Jobs","Thomas Jefferson","J. Robert Oppenheimer","Anne Frank","Napoleon Bonaparte","Helen Keller","Theodore Roosevelt","White / Caucasian",19,0,1
1,0,1,1,0,0,0,0,"Man",0,"Johnny Cash","Robin Williams","Andrew Jackson","Anthony Bourdain","Napoleon Bonaparte","Theodore Roosevelt","Thomas Jefferson","Asian / Pacific Islander",20,1,0
0,1,1,1,1,0,0,1,"Non-binary",2,"Nelson Mandela","Che Guevara","Anne Frank","Anthony Bourdain","Tennessee Williams","Helen Keller","Barbra Streisand",NA,26,0,0
1,1,0,1,0,0,1,1,"Man",1,"Tennessee Williams","Anthony Bourdain","Johnny Cash","J. Robert Oppenheimer","Anne Frank","Che Guevara","Robin Williams","White / Caucasian",21,1,1
1,1,1,0,0,1,1,0,"Man",3,"Nelson Mandela","Mark Twain","Robin Williams","Jackie Kennedy","Tina Fey","Barbra Streisand","Andre Agassi","White / Caucasian",20,1,1
0,1,1,1,0,0,1,0,NA,0,"Steve Jobs","Anthony Bourdain","J. Robert Oppenheimer","Robin Williams","Theodore Roosevelt","Nelson Mandela","Napoleon Bonaparte",NA,NA,0,0
0,1,1,1,0,0,1,0,"Man",2,"Helen Keller","Napoleon Bonaparte","Thomas Jefferson","Anne Frank","Steve Jobs","Nelson Mandela","Andrew Jackson","White / Caucasian",NA,1,1
0,1,1,1,0,1,1,1,"Woman",1,"Steve Jobs","John Stamos","Anne Frank","J. Robert Oppenheimer","Willie Nelson","Andrew Jackson","Keith Richards","Black or African American",21,0,0
1,0,1,1,0,0,1,0,"Woman",3,"Anne Frank","Theodore Roosevelt","Napoleon Bonaparte","Barbra Streisand","Jackie Kennedy","Tennessee Williams","J. Robert Oppenheimer","Hispanic / Latinx",NA,0,0
1,0,1,1,0,0,1,0,"Man",4,"Helen Keller","Nelson Mandela","Jackie Kennedy","Che Guevara","Barbra Streisand","Anne Frank","Mark Twain","White / Caucasian",20,1,1
1,0,1,1,0,0,1,1,"Woman",3,"Jackie Kennedy","John Stamos","Anne Frank","Napoleon Bonaparte","Helen Keller","Nelson Mandela","Anthony Bourdain","Black or African American",33,0,0
0,1,1,1,0,0,1,0,NA,1,"Nelson Mandela","Henry Winkler","Anne Frank","Steve Jobs","J. Robert Oppenheimer","Thomas Jefferson","Che Guevara",NA,NA,0,0
1,1,0,1,0,0,1,0,"Woman",3,"Anne Frank","Nelson Mandela","Napoleon Bonaparte","Steve Jobs","Helen Keller","Barbra Streisand","Theodore Roosevelt","White / Caucasian",20,0,1
0,1,1,1,0,0,1,0,"Woman",2,"Steve Jobs","Jackie Kennedy","Henry Winkler","Anthony Bourdain","Nelson Mandela","Tina Fey","Andrew Jackson","Asian / Pacific Islander",28,0,0
1,1,0,1,1,0,0,1,"Woman",2,"Henry Winkler","John Stamos","Robin Williams","Willie Nelson","Anne Frank","Tina Fey","Barbra Streisand","White / Caucasian",19,0,1
1,0,1,1,1,0,0,0,"Man",0,"Anthony Bourdain","Andrew Jackson","Mark Twain","Theodore Roosevelt","Nelson Mandela","Thomas Jefferson","Anne Frank","Asian / Pacific Islander",20,1,0
0,1,1,1,1,0,0,0,NA,0,"J. Robert Oppenheimer","Thomas Jefferson","Theodore Roosevelt","Andrew Jackson","Napoleon Bonaparte","Nelson Mandela","Anne Frank",NA,NA,0,0
0,1,1,1,0,0,0,1,"Man",2,"Theodore Roosevelt","Anne Frank","Napoleon Bonaparte","Mark Twain","Jackie Kennedy","Willie Nelson","Jim Carroll","White / Caucasian",40,1,1
1,1,1,0,0,1,1,1,NA,0,"Anthony Bourdain","Keith Richards","Thomas Jefferson","Theodore Roosevelt","Johnny Cash","Andrew Jackson","Michael J. Fox",NA,NA,0,0
1,0,1,1,1,1,1,1,"Man",1,"Steve Jobs","J. Robert Oppenheimer","Thomas Jefferson","Anne Frank","Andrew Jackson","Mark Twain","Tina Fey","Asian / Pacific Islander",NA,1,0
0,1,1,1,0,0,1,0,NA,1,"Michael J. Fox","John Stamos","Steve Jobs","Barbra Streisand","Che Guevara","Johnny Cash","Theodore Roosevelt",NA,NA,0,0
0,1,1,1,0,0,1,1,NA,2,"Helen Keller","Michael J. Fox","Robin Williams","Anne Frank","Steve Jobs","Anthony Bourdain","Johnny Cash",NA,NA,0,0
0,1,1,1,0,0,0,0,"Man",1,"J. Robert Oppenheimer","Steve Jobs","Theodore Roosevelt","Anne Frank","Thomas Jefferson","Mark Twain","Nelson Mandela","White / Caucasian",21,1,1
1,1,0,1,0,0,0,0,"Man",1,"Steve Jobs","Anne Frank","Johnny Cash","Andrew Jackson","Theodore Roosevelt","Napoleon Bonaparte","Thomas Jefferson","White / Caucasian",21,1,1
0,1,1,1,0,0,1,1,"Woman",3,"Anthony Bourdain","Robin Williams","Barbra Streisand","Helen Keller","Tennessee Williams","Jackie Kennedy","Johnny Cash","White / Caucasian",NA,0,1
1,0,1,1,0,0,0,0,"Man",2,"Keith Richards","Johnny Cash","Barbra Streisand","Anne Frank","Steve Jobs","Tennessee Williams","Nelson Mandela","White / Caucasian",20,1,1
0,1,1,1,0,0,1,1,"Man",1,"J. Robert Oppenheimer","Anne Frank","Nelson Mandela","Napoleon Bonaparte","Che Guevara","Mark Twain","Robin Williams","White / Caucasian",19,1,1
1,1,0,1,0,0,1,1,"Woman",1,"Andrew Jackson","Mark Twain","Nelson Mandela","Helen Keller","Thomas Jefferson","Jim Carroll","Johnny Cash","Hispanic / Latinx",19,0,0
0,1,1,1,0,1,1,1,"Woman",2,"Nelson Mandela","Helen Keller","Anne Frank","Steve Jobs","Napoleon Bonaparte","Che Guevara","John Stamos","Asian / Pacific Islander",19,0,0
1,1,0,1,0,0,1,0,"Man",1,"Nelson Mandela","Theodore Roosevelt","Anne Frank","Thomas Jefferson","Johnny Cash","Robin Williams","J. Robert Oppenheimer","Black or African American",20,1,0
0,1,1,1,1,1,1,1,"Man",2,"Anne Frank","J. Robert Oppenheimer","Theodore Roosevelt","Steve Jobs","Napoleon Bonaparte","Helen Keller","Tina Fey","White / Caucasian",NA,1,1
1,1,0,1,0,1,1,1,"Man",0,"Steve Jobs","Andrew Jackson","Napoleon Bonaparte","Thomas Jefferson","J. Robert Oppenheimer","Theodore Roosevelt","Michael J. Fox","Hispanic / Latinx",NA,1,0
1,0,1,1,1,1,1,1,"Man",0,"J. Robert Oppenheimer","Nelson Mandela","Che Guevara","Theodore Roosevelt","Anthony Bourdain","Steve Jobs","Tina Fey","Asian / Pacific Islander",19,1,0
0,1,1,1,0,0,1,0,"Man",0,"Steve Jobs","Napoleon Bonaparte","Andrew Jackson","J. Robert Oppenheimer","Theodore Roosevelt","Che Guevara","Mark Twain","Asian / Pacific Islander",21,1,0
0,1,1,1,0,0,1,0,"Man",0,"Mark Twain","Anthony Bourdain","Keith Richards","Andrew Jackson","Napoleon Bonaparte","Steve Jobs","Theodore Roosevelt","White / Caucasian",22,1,1
0,1,1,1,1,0,0,0,"Man",1,"Helen Keller","Nelson Mandela","Steve Jobs","Michael J. Fox","Johnny Cash","Theodore Roosevelt","Anne Frank","White / Caucasian",NA,1,1
1,0,1,1,0,0,1,0,"Woman",3,"Helen Keller","Andrew Jackson","Barbra Streisand","Thomas Jefferson","Napoleon Bonaparte","Tina Fey","J. Robert Oppenheimer","Asian / Pacific Islander",19,0,0
1,0,1,1,0,0,1,0,"Woman",1,"Helen Keller","Napoleon Bonaparte","J. Robert Oppenheimer","Thomas Jefferson","Steve Jobs","Mark Twain","Andrew Jackson","Asian / Pacific Islander",20,0,0
1,0,1,1,0,0,1,0,"Man",1,"Napoleon Bonaparte","Helen Keller","J. Robert Oppenheimer","Che Guevara","Steve Jobs","Thomas Jefferson","Mark Twain","Asian / Pacific Islander",20,1,0
0,1,1,1,0,1,1,1,"Woman",2,"Steve Jobs","Tina Fey","Johnny Cash","J. Robert Oppenheimer","Helen Keller","Napoleon Bonaparte","Henry Winkler","White / Caucasian",21,0,1
1,1,0,1,0,1,1,1,"Man",2,"Tina Fey","J. Robert Oppenheimer","Nelson Mandela","Steve Jobs","Johnny Cash","Jackie Kennedy","Keith Richards","Black or African American",29,1,0
0,1,1,1,0,0,0,0,"Man",0,"Keith Richards","Theodore Roosevelt","Napoleon Bonaparte","Willie Nelson","Mark Twain","Andrew Jackson","Thomas Jefferson","White / Caucasian",32,1,1
1,1,0,1,1,0,0,0,"Woman",4,"Helen Keller","Nelson Mandela","Che Guevara","Barbra Streisand","Tina Fey","Jackie Kennedy","Anne Frank","White / Caucasian",38,0,1
0,1,1,1,0,1,1,1,"Woman",2,"Jackie Kennedy","Robin Williams","Napoleon Bonaparte","Barbra Streisand","J. Robert Oppenheimer","John Stamos","Michael J. Fox","White / Caucasian",21,0,1
1,0,1,1,0,0,1,1,"Man",1,"Anthony Bourdain","Che Guevara","Johnny Cash","Barbra Streisand","Andre Agassi","J. Robert Oppenheimer","Robin Williams","White / Caucasian",30,1,1
0,1,1,1,0,1,1,1,"Man",1,"Anthony Bourdain","Johnny Cash","Che Guevara","Robin Williams","Mark Twain","Barbra Streisand","Keith Richards","White / Caucasian",24,1,1
1,0,1,1,1,0,0,0,NA,0,"Nelson Mandela","Napoleon Bonaparte","Theodore Roosevelt","Steve Jobs","J. Robert Oppenheimer","Henry Winkler","Helen Keller",NA,NA,0,0
0,1,1,1,0,1,1,1,"Man",0,"Anthony Bourdain","Henry Winkler","Andre Agassi","Thomas Jefferson","Nelson Mandela","Robin Williams","Willie Nelson","Black or African American",44,1,0
1,0,1,1,0,1,1,1,"Woman",2,"Steve Jobs","Jackie Kennedy","Che Guevara","Anne Frank","J. Robert Oppenheimer","Theodore Roosevelt","Michael J. Fox","White / Caucasian",22,0,1
0,1,1,1,0,0,0,0,"Woman",4,"Anne Frank","Barbra Streisand","Helen Keller","Steve Jobs","Anthony Bourdain","Tina Fey","Nelson Mandela","White / Caucasian",19,0,1
0,1,1,1,0,0,1,0,"Woman",2,"J. Robert Oppenheimer","Keith Richards","Nelson Mandela","Steve Jobs","Anne Frank","Tina Fey","Che Guevara","White / Caucasian",63,0,1
0,1,1,1,0,1,1,1,"Woman",2,"Anne Frank","Henry Winkler","Robin Williams","Jim Carroll","Thomas Jefferson","Barbra Streisand","Michael J. Fox","Asian / Pacific Islander",20,0,0
1,1,0,1,1,0,0,1,"Woman",0,"J. Robert Oppenheimer","Robin Williams","Nelson Mandela","Mark Twain","Michael J. Fox","Napoleon Bonaparte","Barbra Streisand","Asian / Pacific Islander",19,0,0
1,1,0,1,0,0,0,0,"Woman",3,"Helen Keller","J. Robert Oppenheimer","Anne Frank","Nelson Mandela","Jackie Kennedy","Mark Twain","Thomas Jefferson","Asian / Pacific Islander",21,0,0
1,0,1,1,0,0,1,1,"Woman",4,"Jackie Kennedy","Barbra Streisand","Anne Frank","Mark Twain","Helen Keller","Nelson Mandela","Robin Williams","Asian / Pacific Islander",22,0,0
1,0,1,1,0,0,1,0,"Woman",4,"Nelson Mandela","Jackie Kennedy","Barbra Streisand","Tina Fey","Che Guevara","Helen Keller","J. Robert Oppenheimer","White / Caucasian",21,0,1
0,1,1,1,1,1,1,1,"Non-binary",2,"Helen Keller","Nelson Mandela","Anne Frank","Steve Jobs","J. Robert Oppenheimer","Napoleon Bonaparte","Tina Fey","Black or African American",19,0,0
0,1,1,1,1,0,0,0,"Man",1,"Nelson Mandela","Michael J. Fox","Henry Winkler","J. Robert Oppenheimer","Helen Keller","Napoleon Bonaparte","Anne Frank","Black or African American",19,1,0
1,1,0,1,0,1,1,0,"Man",0,"Steve Jobs","Napoleon Bonaparte","Nelson Mandela","Willie Nelson","Johnny Cash","Jim Carroll","Andre Agassi","White / Caucasian",20,1,1
0,1,1,1,0,0,1,1,"Woman",2,"Nelson Mandela","Barbra Streisand","Robin Williams","J. Robert Oppenheimer","Tina Fey","Anthony Bourdain","Johnny Cash","Black or African American",21,0,0
0,1,1,1,0,0,1,0,"Man",1,"Anthony Bourdain","Michael J. Fox","John Stamos","Robin Williams","Jackie Kennedy","Nelson Mandela","Che Guevara","Black or African American",NA,1,0
1,1,0,1,1,0,1,0,"Man",1,"Mark Twain","Napoleon Bonaparte","J. Robert Oppenheimer","Nelson Mandela","Helen Keller","Theodore Roosevelt","Jackie Kennedy","White / Caucasian",19,1,1
1,0,1,1,0,0,0,0,"Man",1,"Steve Jobs","Napoleon Bonaparte","J. Robert Oppenheimer","Robin Williams","Theodore Roosevelt","Anne Frank","Thomas Jefferson","White / Caucasian",21,1,1
1,1,1,0,1,0,1,0,"Woman",4,"Steve Jobs","Barbra Streisand","Helen Keller","Anne Frank","Tina Fey","Anthony Bourdain","Jackie Kennedy","White / Caucasian",21,0,1
0,1,1,1,1,0,0,1,"Woman",2,"Nelson Mandela","Helen Keller","J. Robert Oppenheimer","Henry Winkler","Anthony Bourdain","Tina Fey","Barbra Streisand","Asian / Pacific Islander",19,0,0
0,1,1,1,1,0,1,0,"Woman",2,"Anne Frank","J. Robert Oppenheimer","Thomas Jefferson","Theodore Roosevelt","Helen Keller","Che Guevara","Jackie Kennedy",NA,21,0,0
0,1,1,1,0,0,1,0,"Man",2,"Anne Frank","Nelson Mandela","Michael J. Fox","Willie Nelson","J. Robert Oppenheimer","Barbra Streisand","Che Guevara","Asian / Pacific Islander",22,1,0
1,0,1,1,0,0,1,0,"Man",1,"Anne Frank","J. Robert Oppenheimer","Steve Jobs","Mark Twain","Robin Williams","Nelson Mandela","Napoleon Bonaparte","White / Caucasian",21,1,1
1,1,0,1,1,1,1,1,"Woman",2,"Anne Frank","Robin Williams","Helen Keller","Mark Twain","Steve Jobs","J. Robert Oppenheimer","Tina Fey","White / Caucasian",22,0,1
0,1,1,1,0,0,1,0,"Man",1,"Nelson Mandela","Che Guevara","Tina Fey","Willie Nelson","Mark Twain","Johnny Cash","Andrew Jackson","Hispanic / Latinx",21,1,0
0,1,1,1,0,0,0,0,"Man",1,"J. Robert Oppenheimer","Robin Williams","Henry Winkler","Thomas Jefferson","Anne Frank","Theodore Roosevelt","Nelson Mandela","White / Caucasian",21,1,1
1,1,0,1,0,0,1,0,"Woman",2,"Napoleon Bonaparte","Nelson Mandela","Steve Jobs","Anthony Bourdain","Helen Keller","Tina Fey","Che Guevara","Black or African American",20,0,0
1,0,1,1,0,0,1,0,"Man",3,"Tina Fey","Nelson Mandela","Helen Keller","Barbra Streisand","J. Robert Oppenheimer","Robin Williams","Mark Twain","White / Caucasian",21,1,1
0,1,1,1,0,0,1,0,"Woman",1,"Napoleon Bonaparte","Anthony Bourdain","Steve Jobs","Anne Frank","Robin Williams","Nelson Mandela","J. Robert Oppenheimer","Asian / Pacific Islander",22,0,0
0,1,1,1,0,0,1,0,"Man",2,"J. Robert Oppenheimer","Helen Keller","Thomas Jefferson","Mark Twain","Anne Frank","Andrew Jackson","Napoleon Bonaparte","Asian / Pacific Islander",22,1,0
1,0,1,1,0,0,1,0,"Man",2,"Helen Keller","J. Robert Oppenheimer","Thomas Jefferson","Nelson Mandela","Steve Jobs","Anne Frank","Mark Twain","Black or African American",21,1,0
1,1,1,0,0,0,1,1,"Woman",3,"Che Guevara","Nelson Mandela","Anne Frank","Tina Fey","J. Robert Oppenheimer","Barbra Streisand","Robin Williams","Asian / Pacific Islander",21,0,0
0,1,1,1,0,0,0,0,"Woman",4,"Johnny Cash","Tina Fey","Anne Frank","Jackie Kennedy","Barbra Streisand","Theodore Roosevelt","Nelson Mandela","Asian / Pacific Islander",21,0,0
0,1,1,1,0,0,1,0,"Man",0,"Napoleon Bonaparte","Anthony Bourdain","J. Robert Oppenheimer","Steve Jobs","Che Guevara","Nelson Mandela","Theodore Roosevelt","Black or African American",21,1,0
0,1,1,1,1,0,0,0,"Woman",2,"Nelson Mandela","Jackie Kennedy","Mark Twain","Steve Jobs","Robin Williams","Tina Fey","Anne Frank","Black or African American",NA,0,0
1,1,0,1,0,0,0,0,"Man",1,"Che Guevara","Tennessee Williams","Andrew Jackson","J. Robert Oppenheimer","Willie Nelson","Anne Frank","Thomas Jefferson","White / Caucasian",26,1,1
1,1,0,1,1,0,1,0,"Man",0,"Napoleon Bonaparte","Steve Jobs","Theodore Roosevelt","Anthony Bourdain","Tennessee Williams","Nelson Mandela","Jackie Kennedy","Asian / Pacific Islander",21,1,0
0,1,1,1,0,0,1,0,"Man",1,"Nelson Mandela","Helen Keller","Steve Jobs","Napoleon Bonaparte","Anthony Bourdain","Thomas Jefferson","Theodore Roosevelt","White / Caucasian",NA,1,1
1,1,0,1,0,0,1,0,"Woman",1,"Nelson Mandela","John Stamos","Thomas Jefferson","Anne Frank","Theodore Roosevelt","Steve Jobs","Andrew Jackson","White / Caucasian",22,0,1
1,0,1,1,0,0,1,0,"Woman",2,"Nelson Mandela","Mark Twain","Steve Jobs","Anne Frank","Helen Keller","Robin Williams","Che Guevara","Asian / Pacific Islander",21,0,0
0,1,1,1,0,0,1,0,"Woman",2,"Nelson Mandela","Mark Twain","Steve Jobs","Anne Frank","Robin Williams","Helen Keller","Che Guevara","White / Caucasian",22,0,1
0,1,1,1,0,1,1,1,"Woman",2,"Steve Jobs","J. Robert Oppenheimer","Helen Keller","Anne Frank","Robin Williams","Willie Nelson","Keith Richards","Asian / Pacific Islander",22,0,0
1,0,1,1,0,1,1,1,"Man",0,"Michael J. Fox","Mark Twain","Robin Williams","Napoleon Bonaparte","Andre Agassi","Theodore Roosevelt","Henry Winkler","White / Caucasian",21,1,1
1,1,0,1,0,0,1,0,"Woman",1,"Steve Jobs","Nelson Mandela","J. Robert Oppenheimer","Tina Fey","Anthony Bourdain","Theodore Roosevelt","Napoleon Bonaparte","Black or African American",22,0,0
0,1,1,1,0,1,1,1,"Man",2,"Theodore Roosevelt","Mark Twain","Anne Frank","Tennessee Williams","Napoleon Bonaparte","Jackie Kennedy","Henry Winkler","White / Caucasian",22,1,1
0,1,1,1,1,0,0,1,"Woman",3,"J. Robert Oppenheimer","Anne Frank","Theodore Roosevelt","Jackie Kennedy","Helen Keller","Napoleon Bonaparte","Barbra Streisand","Asian / Pacific Islander",20,0,0
1,1,0,1,1,1,1,1,"Woman",2,"Mark Twain","Barbra Streisand","Steve Jobs","Helen Keller","Andrew Jackson","Johnny Cash","Tina Fey","Asian / Pacific Islander",20,0,0
1,1,0,1,0,0,0,0,"Woman",3,"Anne Frank","Tina Fey","Jackie Kennedy","Nelson Mandela","Steve Jobs","Andrew Jackson","Thomas Jefferson","Asian / Pacific Islander",29,0,0
0,1,1,1,0,1,1,0,"Woman",1,"J. Robert Oppenheimer","Steve Jobs","Nelson Mandela","Helen Keller","Che Guevara","Napoleon Bonaparte","Andre Agassi","Asian / Pacific Islander",30,0,0
1,1,0,1,0,1,1,1,"Man",1,"Steve Jobs","J. Robert Oppenheimer","Nelson Mandela","Thomas Jefferson","Mark Twain","Anne Frank","Henry Winkler","Asian / Pacific Islander",NA,1,0
0,1,1,1,0,0,1,0,"Man",1,"Henry Winkler","Nelson Mandela","Mark Twain","Helen Keller","J. Robert Oppenheimer","Napoleon Bonaparte","Steve Jobs","Black or African American",21,1,0
0,1,1,1,0,0,1,0,"Man",0,"Robin Williams","J. Robert Oppenheimer","Theodore Roosevelt","Napoleon Bonaparte","Nelson Mandela","Che Guevara","Andrew Jackson","White / Caucasian",20,1,1
1,1,0,1,0,0,0,0,"Man",3,"Tina Fey","Steve Jobs","J. Robert Oppenheimer","Barbra Streisand","Anne Frank","Robin Williams","Thomas Jefferson","White / Caucasian",21,1,1
0,1,1,1,0,0,1,0,"Man",1,"Helen Keller","Nelson Mandela","Anthony Bourdain","Mark Twain","Che Guevara","Johnny Cash","J. Robert Oppenheimer","White / Caucasian",20,1,1
1,1,0,1,0,0,1,1,"Woman",2,"Tina Fey","Napoleon Bonaparte","Nelson Mandela","Steve Jobs","Theodore Roosevelt","Jackie Kennedy","Anthony Bourdain","Asian / Pacific Islander",19,0,0
1,1,0,1,0,0,1,0,"Woman",4,"Tina Fey","Anne Frank","Barbra Streisand","Steve Jobs","J. Robert Oppenheimer","Helen Keller","Napoleon Bonaparte","White / Caucasian",21,0,1
0,1,1,1,0,0,1,0,"Woman",1,"Mark Twain","Napoleon Bonaparte","Thomas Jefferson","Steve Jobs","Nelson Mandela","Anne Frank","J. Robert Oppenheimer","Asian / Pacific Islander",NA,0,0
0,1,1,1,0,0,1,0,NA,1,"Nelson Mandela","Anne Frank","J. Robert Oppenheimer","Keith Richards","Andrew Jackson","Che Guevara","Mark Twain",NA,NA,0,0
0,1,1,1,0,0,1,0,NA,0,"Steve Jobs","Nelson Mandela","Johnny Cash","Thomas Jefferson","Michael J. Fox","Jim Carroll","Andrew Jackson",NA,NA,0,0
1,1,1,0,1,0,0,0,"Man",0,"Thomas Jefferson","Andrew Jackson","Steve Jobs","Napoleon Bonaparte","Che Guevara","J. Robert Oppenheimer","Helen Keller","Asian / Pacific Islander",22,1,0
1,1,0,1,0,0,1,0,"Man",1,"Andrew Jackson","Thomas Jefferson","Theodore Roosevelt","Jim Carroll","Andre Agassi","Jackie Kennedy","J. Robert Oppenheimer","White / Caucasian",21,1,1
0,1,1,1,0,0,0,0,NA,1,"Nelson Mandela","Napoleon Bonaparte","Jackie Kennedy","J. Robert Oppenheimer","Tennessee Williams","Theodore Roosevelt","Thomas Jefferson","White / Caucasian",NA,0,1
0,1,1,1,1,0,0,1,"Woman",2,"Nelson Mandela","Robin Williams","Jackie Kennedy","Michael J. Fox","Tina Fey","Henry Winkler","Barbra Streisand","White / Caucasian",70,0,1
1,1,0,1,1,0,1,0,"Woman",0,"Mark Twain","Steve Jobs","Napoleon Bonaparte","J. Robert Oppenheimer","Theodore Roosevelt","Robin Williams","Jackie Kennedy","White / Caucasian",NA,0,1
1,1,0,1,0,0,1,0,"Woman",4,"Robin Williams","Jackie Kennedy","Anne Frank","Nelson Mandela","Barbra Streisand","Helen Keller","Napoleon Bonaparte","White / Caucasian",19,0,1
0,1,1,1,0,0,1,0,"Man",0,"Anthony Bourdain","Steve Jobs","Napoleon Bonaparte","Robin Williams","J. Robert Oppenheimer","Keith Richards","Mark Twain","Black or African American",21,1,0
0,1,1,1,0,0,1,1,"Non-binary",0,"Jim Carroll","Che Guevara","Keith Richards","Nelson Mandela","Mark Twain","Thomas Jefferson","Robin Williams","Black or African American",27,0,0
