"minority_feedback","forms_shown","sold30m_shown","classic_shown","minority_pick","forms_pick","sold30m_pick","classic_pick","base_minority","choice-1","choice-2","choice-3","choice-4","choice-5","choice-6","choice-7","race","gender","age","gender_code","race_code","poli","poli_numeric","poli_centered","poli_party","party_democrat","party_independent","party_republican","internal1Z","internal2Z","internal3Z","internal4Z","internal","external1Z","external2Z","external3Z","external","num_excluded_total"
0,1,1,1,0,1,1,1,3,"Agatha Christie","Ernest Hemingway","Sandra Cisneros","Gabriel Garcia Marquez","Alice Walker","F. Scott Fitzgerald","J.R.R. Tolkien","Hispanic / Latinx","Man",37,1,0,"1Extremely liberal",1,-3,"Democrat",1,0,0,-1.08695655223542,-0.629286341266444,-1.1302500677506,-1.10564920917061,-0.988035542605769,-0.934077547247848,-0.967724369004566,-0.89626510007028,-0.932689005440898,36
0,1,1,1,0,0,0,0,2,"Gabriel Garcia Marquez","J.R.R. Tolkien","Isabel Allende","Agatha Christie","Jack London","Ray Bradbury","Michael Crichton","White / Caucasian","Woman",35,0,1,"4Moderate; middle of the road",4,0,"Independent",0,1,0,-1.08695655223542,-1.12811088007521,-1.1302500677506,-1.10564920917061,-1.11274167730796,-0.934077547247848,-0.967724369004566,-0.89626510007028,-0.932689005440898,36
1,0,1,1,0,0,0,1,0,"Lucy Maud","Louisa May Alcott","Agatha Christie","F. Scott Fitzgerald","Jane Austen","Emily Bronte","Nathaniel Hawthorne","White / Caucasian","Woman",40,0,1,"7Extremely conservative",7,3,"Republican",0,0,1,1.55589292015744,-0.629286341266444,0.833213301615697,0.361028313198567,0.530212048426314,1.89426285202747,-0.406098619135845,-0.303818677989925,0.394781851633899,36
1,0,1,1,1,1,0,1,1,"Ray Bradbury","Sandra Cisneros","Herman Melville","Joyce Carol Oates","George Orwell","Agatha Christie","WEB Du Bois","White / Caucasian","Woman",60,0,1,"4Moderate; middle of the road",4,0,"Democrat",1,0,0,-1.08695655223542,-1.12811088007521,-1.1302500677506,-1.10564920917061,-1.11274167730796,-0.934077547247848,-0.967724369004566,-0.89626510007028,-0.932689005440898,36
0,1,1,1,0,0,1,1,3,"Toni Morrison","Ray Bradbury","Herman Melville","Gabriel Garcia Marquez","Agatha Christie","WEB Du Bois","Charles Dickens","White / Caucasian","Woman",42,0,1,"1Extremely liberal",1,-3,"Democrat",1,0,0,-0.55838665775685,0.368362736351089,0.833213301615697,0.361028313198567,0.251054423352126,-0.368409467392785,0.717152880601598,-0.303818677989925,0.0149749117396293,36
1,0,1,1,0,1,0,1,3,"Joyce Carol Oates","Alice Walker","Toni Morrison","Isabel Allende","John Steinbeck","George Orwell","Agatha Christie","White / Caucasian","Woman",80,0,1,"2Liberal",2,-2,"Democrat",1,0,0,-1.08695655223542,-1.12811088007521,-1.1302500677506,-1.10564920917061,-1.11274167730796,-0.934077547247848,-0.967724369004566,-0.89626510007028,-0.932689005440898,36
1,1,1,0,0,0,0,0,2,"John Steinbeck","Alice Walker","Emily Bronte","Toni Morrison","Ernest Hemingway","George Orwell","Michael Crichton","White / Caucasian","Woman",34,0,1,"6Conservative",6,2,"Republican",0,0,1,1.55589292015744,1.36601181396862,0.833213301615697,1.33881332811135,1.27348284096328,1.3285947721724,1.84040438033904,2.06596701033149,1.74498872094765,36
0,1,1,1,0,1,1,1,0,"F. Scott Fitzgerald","Jane Austen","Louisa May Alcott","Charles Dickens","Nathaniel Hawthorne","J.D. Salinger","Lucy Maud","White / Caucasian","Woman",41,0,1,"4Moderate; middle of the road",4,0,"Independent",0,1,0,-1.08695655223542,-1.12811088007521,-1.1302500677506,-1.10564920917061,-1.11274167730796,-0.934077547247848,-0.967724369004566,-0.89626510007028,-0.932689005440898,36
0,1,1,1,0,0,0,1,2,"J.R.R. Tolkien","Agatha Christie","Isabel Allende","Michael Crichton","Ray Bradbury","Alice Walker","Jack London","Black or African American","Man",37,1,0,"2Liberal",2,-2,"Democrat",1,0,0,-0.55838665775685,-0.629286341266444,-0.639384225409024,-0.616756701714219,-0.610953481536634,-0.368409467392785,-0.406098619135845,-0.303818677989925,-0.359442254839518,36
1,1,1,0,1,1,0,0,1,"Jack London","Ray Bradbury","J.R.R. Tolkien","Michael Crichton","F. Scott Fitzgerald","Gabriel Garcia Marquez","Toni Morrison","White / Caucasian","Man",21,1,1,"6Conservative",6,2,"Republican",0,0,1,-0.0298167632782783,1.86483635277739,1.32407914395727,1.33881332811135,1.12447801539193,1.3285947721724,1.84040438033904,2.06596701033149,1.74498872094765,36
0,1,1,1,0,0,1,1,0,"Michael Crichton","J.R.R. Tolkien","Agatha Christie","George Orwell","John Steinbeck","Jane Austen","Charles Dickens","White / Caucasian","Man",71,1,1,"5Slightly conservative",5,1,"Independent",0,1,0,-0.55838665775685,-0.130461802457677,-0.14851838306745,-0.127864194257826,-0.241307759384951,-0.368409467392785,-0.406098619135845,-0.303818677989925,-0.359442254839518,36
1,1,0,1,0,0,0,1,1,"Lucy Maud","Sandra Cisneros","John Steinbeck","George Orwell","J.R.R. Tolkien","Agatha Christie","Ernest Hemingway","Asian / Pacific Islander","Man",25,1,0,"2Liberal",2,-2,"Democrat",1,0,0,-1.08695655223542,-1.12811088007521,-1.1302500677506,-1.10564920917061,-1.11274167730796,-0.934077547247848,-0.967724369004566,-0.89626510007028,-0.932689005440898,36
1,1,1,0,0,0,1,1,0,"F. Scott Fitzgerald","John Steinbeck","Ray Bradbury","Ernest Hemingway","George Orwell","Charles Dickens","J.D. Salinger","Hispanic / Latinx","Man",31,1,0,"5Slightly conservative",5,1,"Independent",0,1,0,-0.55838665775685,-0.629286341266444,-0.639384225409024,-0.616756701714219,-0.610953481536634,-0.934077547247848,-0.967724369004566,-0.89626510007028,-0.932689005440898,36
0,1,1,1,1,1,0,1,3,"Ray Bradbury","Agatha Christie","Toni Morrison","Gabriel Garcia Marquez","George Orwell","Alice Walker","WEB Du Bois","Black or African American","Woman",38,0,0,"1Extremely liberal",1,-3,"Independent",0,1,0,0.498753131200294,1.86483635277739,1.81494498629884,1.33881332811135,1.37933694959697,-0.368409467392785,1.27877863047032,-0.303818677989925,0.202183495029203,36
0,1,1,1,0,1,1,1,2,"Toni Morrison","George Orwell","Ray Bradbury","Isabel Allende","John Steinbeck","Jack London","J.R.R. Tolkien","White / Caucasian","Man",54,1,1,"4Moderate; middle of the road",4,0,"Republican",0,0,1,0.498753131200294,0.368362736351089,0.342347459274123,0.361028313198567,0.392622910006018,0.762926692317342,0.717152880601598,0.881074166170784,0.787051246363241,36
0,1,1,1,1,1,0,0,0,"Ray Bradbury","J.R.R. Tolkien","Agatha Christie","George Orwell","Jack London","Louisa May Alcott","Toni Morrison","White / Caucasian","Woman",32,0,1,"4Moderate; middle of the road",4,0,"Independent",0,1,0,-0.55838665775685,-0.629286341266444,-0.639384225409024,-1.10564920917061,-0.733176608400733,-0.368409467392785,-0.406098619135845,-0.89626510007028,-0.55692439553297,36
1,1,1,0,0,0,0,1,1,"J.R.R. Tolkien","Toni Morrison","Ernest Hemingway","John Steinbeck","George Orwell","Charles Dickens","Jane Austen","White / Caucasian","Man",34,1,1,"2Liberal",2,-2,"Democrat",1,0,0,0.498753131200294,-0.130461802457677,0.342347459274123,0.361028313198567,0.267916775303827,-0.934077547247848,1.27877863047032,-0.89626510007028,-0.183854672282603,36
0,1,1,1,0,1,0,0,1,"Lucy Maud","Nathaniel Hawthorne","Isabel Allende","Ernest Hemingway","Sylvia Plath","Emily Bronte","Joyce Carol Oates","Hispanic / Latinx","Man",36,1,0,"4Moderate; middle of the road",4,0,"Democrat",1,0,0,-0.55838665775685,-0.130461802457677,-0.14851838306745,-1.10564920917061,-0.485754013113148,-0.934077547247848,-0.406098619135845,-0.303818677989925,-0.547998281457873,36
0,1,1,1,0,1,0,1,3,"Ray Bradbury","Jane Austen","Gabriel Garcia Marquez","Charles Dickens","Toni Morrison","Isabel Allende","Emily Bronte","White / Caucasian","Woman",30,0,1,"6Conservative",6,2,"Republican",0,0,1,1.02732302567887,0.368362736351089,0.342347459274123,0.361028313198567,0.524765383625661,1.3285947721724,0.155527130732877,1.47352058825114,0.985880830385473,36
1,0,1,1,0,1,0,0,3,"Alice Walker","Toni Morrison","Ernest Hemingway","George Orwell","Gabriel Garcia Marquez","Jack London","Joyce Carol Oates","White / Caucasian","Woman",72,0,1,"2Liberal",2,-2,"Independent",0,1,0,-0.55838665775685,-0.629286341266444,-0.639384225409024,1.33881332811135,-0.122060974080241,-0.368409467392785,-0.967724369004566,-0.303818677989925,-0.546650838129092,36
1,1,0,1,1,1,0,0,1,"F. Scott Fitzgerald","Michael Crichton","Charles Dickens","Ray Bradbury","Jane Austen","Isabel Allende","Sandra Cisneros","Asian / Pacific Islander","Man",33,1,0,"2Liberal",2,-2,"Democrat",1,0,0,1.02732302567887,1.36601181396862,1.32407914395727,1.33881332811135,1.26405682792903,-0.368409467392785,1.27877863047032,0.881074166170784,0.597147776416106,36
1,1,0,1,1,1,0,0,0,"George Orwell","John Steinbeck","Ray Bradbury","J.R.R. Tolkien","Sylvia Plath","Ernest Hemingway","Toni Morrison","White / Caucasian","Man",73,1,1,"1Extremely liberal",1,-3,"Independent",0,1,0,2.08446281463601,1.86483635277739,1.81494498629884,1.82770583556775,1.89798749732,2.45993093188253,2.40203013020776,2.65841343241185,2.50679149816738,36
1,1,1,0,0,1,0,1,0,"Louisa May Alcott","J.R.R. Tolkien","Ray Bradbury","George Orwell","Jane Austen","F. Scott Fitzgerald","Agatha Christie","White / Caucasian","Woman",25,0,1,"2Liberal",2,-2,"Democrat",1,0,0,-0.55838665775685,-0.629286341266444,-0.14851838306745,-0.127864194257826,-0.366013894087143,-0.368409467392785,-0.406098619135845,-0.303818677989925,-0.359442254839518,36
1,0,1,1,0,1,0,1,0,"Charles Dickens","J.D. Salinger","Jane Austen","J.R.R. Tolkien","F. Scott Fitzgerald","Ernest Hemingway","Louisa May Alcott","White / Caucasian","Woman",36,0,1,"4Moderate; middle of the road",4,0,"Republican",0,0,1,-1.08695655223542,0.368362736351089,-1.1302500677506,-1.10564920917061,-0.738623273201386,-0.934077547247848,-0.967724369004566,-0.89626510007028,-0.932689005440898,36
1,0,1,1,1,1,0,0,4,"Sandra Cisneros","Isabel Allende","Joyce Carol Oates","Sylvia Plath","Alice Walker","Gabriel Garcia Marquez","Toni Morrison","Black or African American","Another gender not listed here:",28,0,0,"1Extremely liberal",1,-3,"Independent",0,1,0,-0.55838665775685,0.867187275159856,1.81494498629884,1.82770583556775,0.987862859817399,-0.934077547247848,1.84040438033904,-0.89626510007028,0.00335391100697095,36
1,1,1,0,0,0,0,1,2,"Isabel Allende","Charles Dickens","Gabriel Garcia Marquez","Lucy Maud","J.D. Salinger","J.R.R. Tolkien","Jane Austen","American Indian or Alaskan Native","Woman",30,0,0,"1Extremely liberal",1,-3,"Democrat",1,0,0,1.55589292015744,1.86483635277739,1.81494498629884,1.82770583556775,1.76584502370035,1.89426285202747,1.84040438033904,1.47352058825114,1.73606260687255,36
0,1,1,1,0,0,1,1,1,"Alice Walker","Louisa May Alcott","George Orwell","Sylvia Plath","Michael Crichton","Charles Dickens","J.D. Salinger","White / Caucasian","Man",39,1,1,"4Moderate; middle of the road",4,0,"Democrat",1,0,0,1.55589292015744,1.36601181396862,1.32407914395727,0.849920820654961,1.27397617468457,1.89426285202747,2.40203013020776,0.881074166170784,1.72578904946867,36
0,1,1,1,0,1,1,1,3,"Alice Walker","Agatha Christie","Isabel Allende","Nathaniel Hawthorne","Gabriel Garcia Marquez","Jack London","George Orwell","White / Caucasian","Woman",50,0,1,"2Liberal",2,-2,"Democrat",1,0,0,-0.55838665775685,-1.12811088007521,-1.1302500677506,-1.10564920917061,-0.980599203688318,-0.934077547247848,-0.967724369004566,-0.89626510007028,-0.932689005440898,36
0,1,1,1,0,1,1,1,2,"Michael Crichton","Alice Walker","J.R.R. Tolkien","Sylvia Plath","John Steinbeck","Gabriel Garcia Marquez","George Orwell","White / Caucasian","Woman",36,0,1,"2Liberal",2,-2,"Independent",0,1,0,-0.55838665775685,-0.629286341266444,-0.639384225409024,-0.616756701714219,-0.610953481536634,-0.368409467392785,-0.406098619135845,-0.303818677989925,-0.359442254839518,36
1,1,1,0,0,1,1,1,0,"J.D. Salinger","Lucy Maud","Louisa May Alcott","Emily Bronte","Agatha Christie","Michael Crichton","J.R.R. Tolkien","White / Caucasian","Woman",44,0,1,"4Moderate; middle of the road",4,0,"Independent",0,1,0,0.498753131200294,0.368362736351089,-0.639384225409024,1.33881332811135,0.391636242563428,1.3285947721724,0.155527130732877,1.47352058825114,0.985880830385473,36
1,1,1,0,0,0,0,1,1,"Michael Crichton","Joyce Carol Oates","George Orwell","Ernest Hemingway","Alice Walker","Herman Melville","Sylvia Plath","White / Caucasian","Man",27,1,1,"2Liberal",2,-2,"Democrat",1,0,0,-1.08695655223542,0.368362736351089,0.342347459274123,0.361028313198567,-0.00380451085291056,-0.934077547247848,-0.406098619135845,-0.89626510007028,-0.745480422151324,36
1,1,1,0,1,0,0,0,1,"Jane Austen","J.R.R. Tolkien","Charles Dickens","Toni Morrison","Louisa May Alcott","Michael Crichton","Alice Walker","White / Caucasian","Woman",38,0,1,"2Liberal",2,-2,"Democrat",1,0,0,2.08446281463601,1.86483635277739,1.81494498629884,1.82770583556775,1.89798749732,1.89426285202747,0.155527130732877,0.881074166170784,0.976954716310376,36
1,0,1,1,0,1,0,1,2,"Isabel Allende","George Orwell","Toni Morrison","Emily Bronte","Jane Austen","Michael Crichton","Ray Bradbury","White / Caucasian","Woman",31,0,1,"1Extremely liberal",1,-3,"Democrat",1,0,0,0.498753131200294,-1.12811088007521,1.32407914395727,-1.10564920917061,-0.102731953522065,-0.368409467392785,-0.967724369004566,-0.89626510007028,-0.744132978822544,36
0,1,1,1,0,1,0,0,3,"F. Scott Fitzgerald","Louisa May Alcott","Isabel Allende","Toni Morrison","Alice Walker","Agatha Christie","Joyce Carol Oates","White / Caucasian","Woman",38,0,1,"3Slightly liberal",3,-1,"Democrat",1,0,0,0.498753131200294,-0.629286341266444,0.342347459274123,-0.616756701714219,-0.101235613126562,-0.368409467392785,0.717152880601598,-0.303818677989925,0.0149749117396293,36
1,0,1,1,0,0,0,1,0,"Charles Dickens","Jack London","Louisa May Alcott","Joyce Carol Oates","F. Scott Fitzgerald","J.D. Salinger","Ernest Hemingway","White / Caucasian","Woman",54,0,1,"5Slightly conservative",5,1,"Independent",0,1,0,-1.08695655223542,-1.12811088007521,-1.1302500677506,-1.10564920917061,-1.11274167730796,-0.934077547247848,-0.967724369004566,-0.89626510007028,-0.932689005440898,36
0,1,1,1,0,1,1,1,3,"WEB Du Bois","Alice Walker","Toni Morrison","Charles Dickens","George Orwell","F. Scott Fitzgerald","J.R.R. Tolkien","Black or African American","Man",38,1,0,"5Slightly conservative",5,1,"Democrat",1,0,0,-1.08695655223542,-1.12811088007521,-1.1302500677506,-1.10564920917061,-1.11274167730796,-0.934077547247848,-0.967724369004566,-0.89626510007028,-0.932689005440898,36
1,1,0,1,1,1,0,0,3,"John Steinbeck","Louisa May Alcott","Toni Morrison","Alice Walker","Sylvia Plath","Gabriel Garcia Marquez","Sandra Cisneros","White / Caucasian","Man",60,1,1,"1Extremely liberal",1,-3,"Democrat",1,0,0,1.55589292015744,1.36601181396862,-0.14851838306745,0.849920820654961,0.905826792928393,0.197258612462279,-0.406098619135845,-0.303818677989925,-0.170886228221164,36
1,1,1,0,0,1,1,1,2,"Ray Bradbury","Jane Austen","Alice Walker","Gabriel Garcia Marquez","J.R.R. Tolkien","Sylvia Plath","Lucy Maud","White / Caucasian","Woman",56,0,1,"1Extremely liberal",1,-3,"Democrat",1,0,0,-0.55838665775685,-0.629286341266444,-0.639384225409024,-0.616756701714219,-0.610953481536634,-0.368409467392785,-0.406098619135845,-0.303818677989925,-0.359442254839518,36
0,1,1,1,1,1,1,0,0,"George Orwell","Jane Austen","Nathaniel Hawthorne","Ray Bradbury","Louisa May Alcott","John Steinbeck","Isabel Allende","Asian / Pacific Islander","Man",48,1,0,"2Liberal",2,-2,"Independent",0,1,0,-0.55838665775685,-0.629286341266444,-0.639384225409024,-0.127864194257826,-0.488730354672536,-0.368409467392785,-0.406098619135845,-0.303818677989925,-0.359442254839518,36
0,1,1,1,0,1,0,1,2,"Charles Dickens","Isabel Allende","Nathaniel Hawthorne","Jane Austen","Ernest Hemingway","Alice Walker","Agatha Christie","White / Caucasian","Woman",34,0,1,"3Slightly liberal",3,-1,"Democrat",1,0,0,0.498753131200294,0.368362736351089,1.81494498629884,1.82770583556775,1.12744167235449,-0.934077547247848,0.717152880601598,-0.89626510007028,-0.371063255572177,36
1,0,1,1,1,1,1,0,2,"Agatha Christie","J.R.R. Tolkien","Jane Austen","J.D. Salinger","Toni Morrison","Alice Walker","Isabel Allende","White / Caucasian","Woman",34,0,1,"2Liberal",2,-2,"Democrat",1,0,0,1.02732302567887,1.36601181396862,1.32407914395727,1.33881332811135,1.26405682792903,-0.368409467392785,-0.406098619135845,-0.303818677989925,-0.359442254839518,36
0,1,1,1,0,1,0,0,1,"George Orwell","Emily Bronte","Toni Morrison","Ray Bradbury","J.D. Salinger","Herman Melville","Joyce Carol Oates","White / Caucasian","Woman",54,0,1,"2Liberal",2,-2,"Democrat",1,0,0,-0.55838665775685,0.867187275159856,-0.14851838306745,0.361028313198567,0.130327636883531,-0.368409467392785,0.155527130732877,-0.303818677989925,-0.172233671549945,36
1,1,1,0,0,0,0,0,2,"Sylvia Plath","Ray Bradbury","Ernest Hemingway","WEB Du Bois","John Steinbeck","Sandra Cisneros","Michael Crichton","White / Caucasian","Man",35,1,1,"5Slightly conservative",5,1,"Republican",0,0,1,-0.55838665775685,-0.130461802457677,-0.639384225409024,-1.10564920917061,-0.608470473698541,-0.368409467392785,-0.967724369004566,-0.303818677989925,-0.546650838129092,36
0,1,1,1,1,0,0,0,2,"Joyce Carol Oates","Toni Morrison","Charles Dickens","Isabel Allende","Ernest Hemingway","Agatha Christie","Alice Walker","White / Caucasian","Woman",57,0,1,"2Liberal",2,-2,"Democrat",1,0,0,0.498753131200294,0.867187275159856,1.32407914395727,0.849920820654961,0.884985092743095,0.197258612462279,0.155527130732877,-0.303818677989925,0.0163223550684099,36
0,1,1,1,1,1,0,1,0,"Jane Austen","Charles Dickens","Lucy Maud","Nathaniel Hawthorne","Louisa May Alcott","John Steinbeck","WEB Du Bois","White / Caucasian","Woman",68,0,1,"6Conservative",6,2,"Independent",0,1,0,0.498753131200294,1.36601181396862,1.32407914395727,0.849920820654961,1.00969122744529,0.762926692317342,1.27877863047032,0.881074166170784,0.974259829652815,36
1,0,1,1,0,0,0,1,3,"Ray Bradbury","George Orwell","Toni Morrison","J.R.R. Tolkien","Sandra Cisneros","WEB Du Bois","Sylvia Plath","White / Caucasian","Man",53,1,1,"1Extremely liberal",1,-3,"Democrat",1,0,0,1.55589292015744,1.36601181396862,1.32407914395727,1.33881332811135,1.39619930154867,-0.368409467392785,1.84040438033904,-0.303818677989925,0.389392078318777,36
0,1,1,1,0,0,0,1,4,"Isabel Allende","Michael Crichton","Toni Morrison","Gabriel Garcia Marquez","Agatha Christie","Sandra Cisneros","Ernest Hemingway","Hispanic / Latinx","Woman",39,0,0,"4Moderate; middle of the road",4,0,"Independent",0,1,0,-1.08695655223542,-1.12811088007521,-1.1302500677506,-1.10564920917061,-1.11274167730796,-0.934077547247848,-0.967724369004566,-0.89626510007028,-0.932689005440898,36
0,1,1,1,0,1,1,1,2,"Charles Dickens","Lucy Maud","Nathaniel Hawthorne","Isabel Allende","Alice Walker","Sylvia Plath","J.R.R. Tolkien","Hispanic / Latinx","Man",35,1,0,"2Liberal",2,-2,"Democrat",1,0,0,-1.08695655223542,-1.12811088007521,-1.1302500677506,-1.10564920917061,-1.11274167730796,-0.934077547247848,-0.967724369004566,-0.89626510007028,-0.932689005440898,36
1,1,1,0,1,0,0,0,1,"Ernest Hemingway","Ray Bradbury","Toni Morrison","J.D. Salinger","Agatha Christie","George Orwell","Alice Walker","White / Caucasian","Man",61,1,1,"1Extremely liberal",1,-3,"Independent",0,1,0,1.55589292015744,1.86483635277739,1.81494498629884,1.82770583556775,1.76584502370035,-0.934077547247848,1.27877863047032,-0.89626510007028,-0.183854672282603,36
1,1,0,1,0,0,1,1,1,"Ernest Hemingway","Louisa May Alcott","Herman Melville","Alice Walker","Jack London","Michael Crichton","Charles Dickens","White / Caucasian","Man",58,1,1,"2Liberal",2,-2,"Democrat",1,0,0,0.498753131200294,0.368362736351089,0.342347459274123,0.361028313198567,0.392622910006018,0.762926692317342,-0.406098619135845,-0.303818677989925,0.0176697983971905,36
0,1,1,1,0,0,0,1,0,"J.D. Salinger","Louisa May Alcott","George Orwell","Nathaniel Hawthorne","Ernest Hemingway","Michael Crichton","John Steinbeck","White / Caucasian","Woman",32,0,1,"4Moderate; middle of the road",4,0,"Independent",0,1,0,-0.55838665775685,-0.130461802457677,0.342347459274123,0.361028313198567,0.00363182806454068,-0.368409467392785,0.155527130732877,0.288627744090429,0.025248469143507,36
0,1,1,1,1,0,0,0,1,"Ray Bradbury","Toni Morrison","John Steinbeck","Charles Dickens","Ernest Hemingway","George Orwell","Alice Walker","White / Caucasian","Woman",19,0,1,"1Extremely liberal",1,-3,"Democrat",1,0,0,-0.55838665775685,0.867187275159856,0.833213301615697,-0.616756701714219,0.131314304326121,-0.368409467392785,0.155527130732877,-0.303818677989925,-0.172233671549945,36
0,1,1,1,1,0,0,0,0,"Ray Bradbury","Ernest Hemingway","George Orwell","John Steinbeck","Charles Dickens","Michael Crichton","Alice Walker","White / Caucasian","Woman",54,0,1,"4Moderate; middle of the road",4,0,"Independent",0,1,0,-1.08695655223542,-1.12811088007521,-1.1302500677506,-1.10564920917061,-1.11274167730796,-0.934077547247848,-0.967724369004566,-0.89626510007028,-0.932689005440898,36
1,1,1,0,1,1,0,0,0,"Charles Dickens","Sylvia Plath","Ernest Hemingway","John Steinbeck","George Orwell","Jane Austen","Sandra Cisneros","White / Caucasian","Man",39,1,1,"2Liberal",2,-2,"Democrat",1,0,0,-0.55838665775685,1.86483635277739,1.81494498629884,1.82770583556775,1.23727512922178,-0.368409467392785,-0.967724369004566,-0.89626510007028,-0.744132978822544,36
0,1,1,1,1,1,0,1,1,"Ray Bradbury","Michael Crichton","Louisa May Alcott","Sandra Cisneros","Agatha Christie","J.R.R. Tolkien","WEB Du Bois","Asian / Pacific Islander","Woman",29,0,0,"1Extremely liberal",1,-3,"Democrat",1,0,0,-0.55838665775685,0.867187275159856,0.833213301615697,-0.616756701714219,0.131314304326121,1.3285947721724,-0.406098619135845,-0.303818677989925,0.206225825015545,36
0,1,1,1,1,1,0,1,2,"Alice Walker","Toni Morrison","J.R.R. Tolkien","Jane Austen","Ernest Hemingway","Charles Dickens","WEB Du Bois","Black or African American","Woman",50,0,0,"5Slightly conservative",5,1,"Independent",0,1,0,0.498753131200294,0.368362736351089,0.833213301615697,0.849920820654961,0.63756249745551,0.762926692317342,-0.406098619135845,0.288627744090429,0.215151939090642,36
0,1,1,1,0,0,0,1,4,"Alice Walker","WEB Du Bois","Toni Morrison","Isabel Allende","Ernest Hemingway","Charles Dickens","Jane Austen","Black or African American","Woman",47,0,0,"5Slightly conservative",5,1,"Independent",0,1,0,-0.55838665775685,-0.629286341266444,-0.639384225409024,-0.616756701714219,-0.610953481536634,-0.368409467392785,-0.406098619135845,-0.303818677989925,-0.359442254839518,36
1,0,1,1,0,1,0,1,1,"Ernest Hemingway","Alice Walker","Joyce Carol Oates","Michael Crichton","Jane Austen","F. Scott Fitzgerald","Agatha Christie","White / Caucasian","Woman",65,0,1,"5Slightly conservative",5,1,"Independent",0,1,0,-0.0298167632782783,-0.130461802457677,-0.14851838306745,-0.616756701714219,-0.231388412629406,-0.934077547247848,-0.406098619135845,-0.303818677989925,-0.547998281457873,36
0,1,1,1,0,0,0,1,1,"Louisa May Alcott","Toni Morrison","F. Scott Fitzgerald","Jane Austen","Joyce Carol Oates","Agatha Christie","Ernest Hemingway","White / Caucasian","Woman",46,0,1,"6Conservative",6,2,"Republican",0,0,1,-1.08695655223542,-0.130461802457677,-0.14851838306745,-0.616756701714219,-0.495673359868692,-0.368409467392785,-0.406098619135845,-0.89626510007028,-0.55692439553297,36
1,0,1,1,0,1,1,1,4,"Sylvia Plath","Agatha Christie","Alice Walker","Toni Morrison","Gabriel Garcia Marquez","WEB Du Bois","George Orwell","White / Caucasian","Woman",45,0,1,"1Extremely liberal",1,-3,"Democrat",1,0,0,-0.55838665775685,-0.629286341266444,-0.639384225409024,-0.616756701714219,-0.610953481536634,-0.368409467392785,-0.406098619135845,-0.303818677989925,-0.359442254839518,36
0,1,1,1,1,1,0,0,1,"Nathaniel Hawthorne","Toni Morrison","Charles Dickens","Ernest Hemingway","George Orwell","F. Scott Fitzgerald","Sandra Cisneros","Black or African American","Woman",33,0,0,"2Liberal",2,-2,"Democrat",1,0,0,-0.0298167632782783,-0.130461802457677,-0.14851838306745,-0.127864194257826,-0.109165285765308,0.197258612462279,0.155527130732877,0.288627744090429,0.213804495761861,36
0,1,1,1,0,1,0,1,0,"Charles Dickens","Emily Bronte","Michael Crichton","George Orwell","Sylvia Plath","J.R.R. Tolkien","Ray Bradbury","White / Caucasian","Man",42,1,1,"4Moderate; middle of the road",4,0,"Independent",0,1,0,-1.08695655223542,-1.12811088007521,-1.1302500677506,-1.10564920917061,-1.11274167730796,-0.934077547247848,-0.967724369004566,-0.89626510007028,-0.932689005440898,36
1,0,1,1,0,0,1,1,0,"Lucy Maud","Louisa May Alcott","F. Scott Fitzgerald","J.R.R. Tolkien","Nathaniel Hawthorne","Michael Crichton","J.D. Salinger","White / Caucasian","Woman",35,0,1,"6Conservative",6,2,"Republican",0,0,1,-0.55838665775685,-0.629286341266444,-0.639384225409024,-0.616756701714219,-0.610953481536634,-0.368409467392785,-0.406098619135845,-0.303818677989925,-0.359442254839518,36
1,1,0,1,0,0,1,1,0,"F. Scott Fitzgerald","J.D. Salinger","Agatha Christie","George Orwell","Ernest Hemingway","Jane Austen","Charles Dickens","White / Caucasian","Woman",69,0,1,"2Liberal",2,-2,"Democrat",1,0,0,-1.08695655223542,-1.12811088007521,0.342347459274123,-1.10564920917061,-0.744592295551781,-0.934077547247848,-0.967724369004566,-0.89626510007028,-0.932689005440898,36
0,1,1,1,1,0,0,0,1,"WEB Du Bois","F. Scott Fitzgerald","Nathaniel Hawthorne","J.D. Salinger","Jack London","Lucy Maud","Alice Walker","White / Caucasian","Woman",40,0,1,"6Conservative",6,2,"Republican",0,0,1,-1.08695655223542,-1.12811088007521,-1.1302500677506,1.82770583556775,-0.379402916123371,-0.934077547247848,-0.967724369004566,-0.89626510007028,-0.932689005440898,36
1,1,1,0,0,0,0,1,2,"Ernest Hemingway","J.D. Salinger","John Steinbeck","Toni Morrison","WEB Du Bois","F. Scott Fitzgerald","Jane Austen","Black or African American","Man",60,1,0,"3Slightly liberal",3,-1,"Democrat",1,0,0,-1.08695655223542,-1.12811088007521,-1.1302500677506,-1.10564920917061,-1.11274167730796,-0.934077547247848,-0.967724369004566,-0.89626510007028,-0.932689005440898,36
1,1,1,0,1,1,0,0,2,"Louisa May Alcott","Emily Bronte","WEB Du Bois","Charles Dickens","Alice Walker","George Orwell","Toni Morrison","White / Caucasian","Woman",40,0,1,"2Liberal",2,-2,"Independent",0,1,0,1.55589292015744,1.86483635277739,1.81494498629884,1.33881332811135,1.64362189683626,0.197258612462279,0.155527130732877,0.288627744090429,0.213804495761861,36
1,1,1,0,1,0,0,0,0,"Herman Melville","Agatha Christie","F. Scott Fitzgerald","J.R.R. Tolkien","Ray Bradbury","Charles Dickens","Alice Walker","White / Caucasian","Woman",35,0,1,"5Slightly conservative",5,1,"Republican",0,0,1,1.55589292015744,1.36601181396862,1.32407914395727,0.849920820654961,1.27397617468457,1.3285947721724,1.84040438033904,1.47352058825114,1.54750658025419,36
0,1,1,1,0,0,0,1,1,"J.D. Salinger","Alice Walker","Charles Dickens","Louisa May Alcott","Michael Crichton","Jane Austen","Nathaniel Hawthorne","White / Caucasian","Woman",42,0,1,"1Extremely liberal",1,-3,"Democrat",1,0,0,-1.08695655223542,-1.12811088007521,-1.1302500677506,-1.10564920917061,-1.11274167730796,-0.934077547247848,-0.967724369004566,-0.89626510007028,-0.932689005440898,36
0,1,1,1,0,1,0,1,2,"Gabriel Garcia Marquez","Toni Morrison","Jane Austen","George Orwell","J.R.R. Tolkien","Agatha Christie","Ray Bradbury","Asian / Pacific Islander","Woman",61,0,0,"4Moderate; middle of the road",4,0,"Independent",0,1,0,0.498753131200294,0.368362736351089,0.342347459274123,-0.616756701714219,0.148176656277822,-0.368409467392785,-0.406098619135845,0.288627744090429,-0.161960114146067,36
1,1,0,1,1,1,0,0,1,"J.R.R. Tolkien","Jane Austen","Gabriel Garcia Marquez","Agatha Christie","Ray Bradbury","Louisa May Alcott","Toni Morrison","White / Caucasian","Woman",34,0,1,"6Conservative",6,2,"Republican",0,0,1,1.55589292015744,1.36601181396862,1.32407914395727,1.33881332811135,1.39619930154867,1.89426285202747,1.84040438033904,2.06596701033149,1.933544747566,36
0,1,1,1,0,1,0,1,1,"Alice Walker","J.R.R. Tolkien","Jane Austen","F. Scott Fitzgerald","J.D. Salinger","Charles Dickens","Herman Melville","Hispanic / Latinx","Woman",39,0,0,"2Liberal",2,-2,"Democrat",1,0,0,0.498753131200294,0.368362736351089,0.342347459274123,0.361028313198567,0.392622910006018,0.762926692317342,0.717152880601598,0.881074166170784,0.787051246363241,36
1,0,1,1,0,0,0,1,3,"Alice Walker","George Orwell","Ernest Hemingway","Gabriel Garcia Marquez","WEB Du Bois","Sylvia Plath","Jane Austen","Hispanic / Latinx","Man",37,1,0,"3Slightly liberal",3,-1,"Democrat",1,0,0,-0.55838665775685,0.867187275159856,-0.639384225409024,1.33881332811135,0.252057430026334,-0.368409467392785,-0.406098619135845,-0.303818677989925,-0.359442254839518,36
0,1,1,1,0,1,1,1,2,"Alice Walker","Ray Bradbury","George Orwell","J.D. Salinger","Sylvia Plath","WEB Du Bois","J.R.R. Tolkien","White / Caucasian","Woman",44,0,1,"1Extremely liberal",1,-3,"Democrat",1,0,0,-1.08695655223542,-1.12811088007521,-1.1302500677506,-1.10564920917061,-1.11274167730796,-0.934077547247848,-0.967724369004566,-0.89626510007028,-0.932689005440898,36
1,1,0,1,1,1,0,0,2,"George Orwell","Alice Walker","John Steinbeck","Sylvia Plath","Louisa May Alcott","WEB Du Bois","Toni Morrison","White / Caucasian","Woman",30,0,1,"2Liberal",2,-2,"Democrat",1,0,0,1.55589292015744,-0.130461802457677,1.81494498629884,1.33881332811135,1.14479735802749,-0.934077547247848,0.155527130732877,0.288627744090429,-0.163307557474847,36
1,1,1,0,1,1,1,1,2,"Alice Walker","Toni Morrison","Louisa May Alcott","Jane Austen","Ernest Hemingway","J.R.R. Tolkien","Gabriel Garcia Marquez","White / Caucasian","Woman",59,0,1,"5Slightly conservative",5,1,"Democrat",1,0,0,-1.08695655223542,-1.12811088007521,-1.1302500677506,-1.10564920917061,-1.11274167730796,-0.934077547247848,-0.967724369004566,-0.89626510007028,-0.932689005440898,36
0,1,1,1,0,0,0,1,2,"Gabriel Garcia Marquez","Lucy Maud","Ray Bradbury","Jack London","F. Scott Fitzgerald","Isabel Allende","John Steinbeck","White / Caucasian","Man",53,1,1,"5Slightly conservative",5,1,"Republican",0,0,1,-0.55838665775685,-0.629286341266444,-0.639384225409024,-0.616756701714219,-0.610953481536634,-0.368409467392785,-0.406098619135845,-0.303818677989925,-0.359442254839518,36
0,1,1,1,0,1,0,1,1,"Toni Morrison","J.R.R. Tolkien","George Orwell","Agatha Christie","Louisa May Alcott","Jane Austen","Emily Bronte","Black or African American","Non-binary",24,0,0,"2Liberal",2,-2,"Independent",0,1,0,0.498753131200294,0.368362736351089,0.342347459274123,0.361028313198567,0.392622910006018,0.762926692317342,0.717152880601598,0.881074166170784,0.787051246363241,36
1,1,0,1,0,1,0,0,2,"Agatha Christie","Charles Dickens","Herman Melville","Alice Walker","Sandra Cisneros","Emily Bronte","Joyce Carol Oates","Black or African American","Man",52,1,0,"4Moderate; middle of the road",4,0,"Democrat",1,0,0,0.498753131200294,1.36601181396862,0.342347459274123,1.82770583556775,1.0087045600027,0.762926692317342,1.27877863047032,2.06596701033149,1.36922411103972,36
1,1,1,0,0,0,0,1,5,"Alice Walker","Gabriel Garcia Marquez","Sandra Cisneros","Toni Morrison","Sylvia Plath","Isabel Allende","Jack London","White / Caucasian","Woman",74,0,1,"7Extremely conservative",7,3,"Republican",0,0,1,-1.08695655223542,-1.12811088007521,-1.1302500677506,-1.10564920917061,-1.11274167730796,-0.934077547247848,-0.967724369004566,-0.89626510007028,-0.932689005440898,36
1,1,1,0,1,1,0,0,3,"Louisa May Alcott","Joyce Carol Oates","WEB Du Bois","Alice Walker","Gabriel Garcia Marquez","Nathaniel Hawthorne","Sandra Cisneros","White / Caucasian","Man",28,1,1,"4Moderate; middle of the road",4,0,"Independent",0,1,0,-1.08695655223542,-1.12811088007521,-1.1302500677506,-1.10564920917061,-1.11274167730796,-0.934077547247848,-0.967724369004566,-0.89626510007028,-0.932689005440898,36
1,0,1,1,0,0,0,1,1,"F. Scott Fitzgerald","J.R.R. Tolkien","Sylvia Plath","WEB Du Bois","Agatha Christie","Louisa May Alcott","Jane Austen","Asian / Pacific Islander","Man",22,1,0,"3Slightly liberal",3,-1,"Democrat",1,0,0,0.498753131200294,0.368362736351089,-0.14851838306745,0.361028313198567,0.269906449420625,0.762926692317342,1.27877863047032,0.881074166170784,0.974259829652815,36
1,1,0,1,0,0,0,1,0,"John Steinbeck","J.R.R. Tolkien","Charles Dickens","Ernest Hemingway","Michael Crichton","Jane Austen","Sylvia Plath","White / Caucasian","Woman",37,0,1,"2Liberal",2,-2,"Democrat",1,0,0,-0.55838665775685,-0.629286341266444,-0.639384225409024,-0.616756701714219,-0.610953481536634,-0.368409467392785,-0.406098619135845,-0.303818677989925,-0.359442254839518,36
1,1,1,0,0,0,0,1,0,"J.R.R. Tolkien","Jack London","Michael Crichton","Sylvia Plath","F. Scott Fitzgerald","Jane Austen","Ernest Hemingway","White / Caucasian","Woman",32,0,1,"4Moderate; middle of the road",4,0,"Independent",0,1,0,0.498753131200294,-0.130461802457677,0.342347459274123,0.361028313198567,0.267916775303827,0.762926692317342,-0.406098619135845,0.288627744090429,0.215151939090642,36
0,1,1,1,0,1,0,1,4,"Isabel Allende","Jack London","Gabriel Garcia Marquez","WEB Du Bois","Toni Morrison","Joyce Carol Oates","Ray Bradbury","Asian / Pacific Islander","Man",25,1,0,"2Liberal",2,-2,"Democrat",1,0,0,-0.0298167632782783,-0.629286341266444,-0.14851838306745,-0.616756701714219,-0.356094547331598,-0.368409467392785,-0.406098619135845,-0.303818677989925,-0.359442254839518,36
0,1,1,1,0,0,0,0,0,"Ernest Hemingway","Charles Dickens","J.D. Salinger","Jack London","Agatha Christie","Louisa May Alcott","Michael Crichton","White / Caucasian","Woman",50,0,1,"6Conservative",6,2,"Republican",0,0,1,-1.08695655223542,-1.12811088007521,-1.1302500677506,-1.10564920917061,-1.11274167730796,-0.934077547247848,-0.967724369004566,-0.89626510007028,-0.932689005440898,36
0,1,1,1,0,0,1,1,1,"Isabel Allende","Michael Crichton","Louisa May Alcott","J.R.R. Tolkien","Ray Bradbury","Jack London","J.D. Salinger","White / Caucasian","Woman",37,0,1,"6Conservative",6,2,"Republican",0,0,1,-0.0298167632782783,-0.130461802457677,-0.14851838306745,-0.127864194257826,-0.109165285765308,0.197258612462279,0.155527130732877,0.288627744090429,0.213804495761861,36
0,1,1,1,0,0,1,1,1,"Ernest Hemingway","Gabriel Garcia Marquez","Jane Austen","J.R.R. Tolkien","John Steinbeck","Ray Bradbury","Charles Dickens","White / Caucasian","Man",36,1,1,"1Extremely liberal",1,-3,"Democrat",1,0,0,-1.08695655223542,-1.12811088007521,-1.1302500677506,-1.10564920917061,-1.11274167730796,-0.934077547247848,-0.967724369004566,-0.89626510007028,-0.932689005440898,36
0,1,1,1,1,0,0,0,0,"J.R.R. Tolkien","F. Scott Fitzgerald","Michael Crichton","Jack London","George Orwell","Lucy Maud","Alice Walker","White / Caucasian","Woman",38,0,1,"4Moderate; middle of the road",4,0,"Independent",0,1,0,-1.08695655223542,-1.12811088007521,-1.1302500677506,-1.10564920917061,-1.11274167730796,-0.934077547247848,-0.967724369004566,-0.89626510007028,-0.932689005440898,36
0,1,1,1,0,0,1,1,0,"Jane Austen","J.R.R. Tolkien","Ray Bradbury","Agatha Christie","Michael Crichton","Charles Dickens","J.D. Salinger","White / Caucasian","Woman",52,0,1,"3Slightly liberal",3,-1,"Democrat",1,0,0,-1.08695655223542,-1.12811088007521,-1.1302500677506,-1.10564920917061,-1.11274167730796,-0.934077547247848,-0.967724369004566,-0.89626510007028,-0.932689005440898,36
0,1,1,1,1,1,1,0,3,"Ernest Hemingway","WEB Du Bois","Toni Morrison","Louisa May Alcott","Alice Walker","Herman Melville","Isabel Allende","Black or African American","Woman",36,0,0,"3Slightly liberal",3,-1,"Democrat",1,0,0,2.08446281463601,1.86483635277739,1.32407914395727,0.849920820654961,1.53082478300641,1.89426285202747,2.40203013020776,2.06596701033149,2.12075333085557,36
1,1,0,1,0,0,1,1,0,"Agatha Christie","Charles Dickens","Ernest Hemingway","Emily Bronte","J.R.R. Tolkien","F. Scott Fitzgerald","J.D. Salinger","Hispanic / Latinx","Woman",52,0,0,"4Moderate; middle of the road",4,0,"Independent",0,1,0,1.02732302567887,0.368362736351089,-0.639384225409024,-0.616756701714219,0.034886208726678,2.45993093188253,1.84040438033904,1.47352058825114,1.9246186334909,36
0,1,1,1,0,1,0,1,2,"Agatha Christie","J.D. Salinger","Isabel Allende","F. Scott Fitzgerald","J.R.R. Tolkien","Sandra Cisneros","Emily Bronte","White / Caucasian","Woman",49,0,1,"6Conservative",6,2,"Republican",0,0,1,-1.08695655223542,-1.12811088007521,-1.1302500677506,-1.10564920917061,-1.11274167730796,-0.934077547247848,-0.967724369004566,-0.89626510007028,-0.932689005440898,36
0,1,1,1,0,1,1,1,1,"Jane Austen","Alice Walker","Ray Bradbury","J.R.R. Tolkien","Charles Dickens","Agatha Christie","Lucy Maud","White / Caucasian","Woman",54,0,1,"2Liberal",2,-2,"Democrat",1,0,0,1.02732302567887,0.867187275159856,0.833213301615697,-0.127864194257826,0.649964852049148,0.197258612462279,1.27877863047032,1.47352058825114,0.983185943727912,36
1,1,0,1,1,1,0,0,1,"Charles Dickens","Sandra Cisneros","Nathaniel Hawthorne","Sylvia Plath","F. Scott Fitzgerald","Emily Bronte","Toni Morrison","White / Caucasian","Man",44,1,1,"5Slightly conservative",5,1,"Independent",0,1,0,-0.0298167632782783,1.86483635277739,1.81494498629884,1.82770583556775,1.36941760284143,-0.368409467392785,-0.967724369004566,-0.303818677989925,-0.546650838129092,36
1,1,0,1,0,1,1,1,1,"Agatha Christie","Michael Crichton","Lucy Maud","Alice Walker","Ray Bradbury","J.D. Salinger","J.R.R. Tolkien","White / Caucasian","Woman",50,0,1,"4Moderate; middle of the road",4,0,"Independent",0,1,0,1.02732302567887,-0.629286341266444,0.833213301615697,0.849920820654961,0.52029270167077,-0.368409467392785,-0.406098619135845,-0.303818677989925,-0.359442254839518,36
1,0,1,1,0,0,0,1,4,"Agatha Christie","Alice Walker","J.R.R. Tolkien","Gabriel Garcia Marquez","Toni Morrison","Sandra Cisneros","Sylvia Plath","White / Caucasian","Woman",31,0,1,"1Extremely liberal",1,-3,"Democrat",1,0,0,-1.08695655223542,-0.629286341266444,-1.1302500677506,-0.616756701714219,-0.865812415741671,1.3285947721724,0.717152880601598,-0.89626510007028,0.383160850901241,36
0,1,1,1,1,0,0,0,1,"Michael Crichton","Agatha Christie","J.R.R. Tolkien","Charles Dickens","Joyce Carol Oates","Toni Morrison","Alice Walker","Black or African American","Woman",24,0,0,"4Moderate; middle of the road",4,0,"Independent",0,1,0,0.498753131200294,0.368362736351089,0.342347459274123,0.361028313198567,0.392622910006018,0.197258612462279,0.717152880601598,0.288627744090429,0.401013079051435,36
1,1,0,1,0,1,0,1,1,"WEB Du Bois","J.R.R. Tolkien","Jane Austen","Michael Crichton","George Orwell","John Steinbeck","Herman Melville","White / Caucasian","Man",70,1,1,"6Conservative",6,2,"Republican",0,0,1,-1.08695655223542,-0.629286341266444,-1.1302500677506,-0.127864194257826,-0.743589288877572,-0.934077547247848,-0.967724369004566,-0.89626510007028,-0.932689005440898,36
1,0,1,1,1,1,1,1,1,"Jack London","Joyce Carol Oates","Ray Bradbury","J.R.R. Tolkien","John Steinbeck","Toni Morrison","Gabriel Garcia Marquez","White / Caucasian","Man",72,1,1,"3Slightly liberal",3,-1,"Democrat",1,0,0,0.498753131200294,-0.130461802457677,-0.14851838306745,-0.127864194257826,0.022977187854335,0.197258612462279,-0.406098619135845,-0.303818677989925,-0.170886228221164,36
0,1,1,1,0,1,0,1,3,"J.R.R. Tolkien","Louisa May Alcott","Jane Austen","WEB Du Bois","Alice Walker","Gabriel Garcia Marquez","Agatha Christie","White / Caucasian","Woman",52,0,1,"1Extremely liberal",1,-3,"Democrat",1,0,0,-1.08695655223542,-1.12811088007521,-1.1302500677506,-1.10564920917061,-1.11274167730796,-0.934077547247848,-0.967724369004566,-0.89626510007028,-0.932689005440898,36
0,1,1,1,0,0,1,1,3,"J.D. Salinger","Alice Walker","F. Scott Fitzgerald","Isabel Allende","Sandra Cisneros","Agatha Christie","Charles Dickens","White / Caucasian","Man",45,1,1,"2Liberal",2,-2,"Democrat",1,0,0,-1.08695655223542,-0.629286341266444,-0.639384225409024,-0.616756701714219,-0.743095955156277,-0.368409467392785,-0.406098619135845,-0.303818677989925,-0.359442254839518,36
1,1,0,1,1,1,0,0,1,"F. Scott Fitzgerald","J.R.R. Tolkien","Agatha Christie","John Steinbeck","Alice Walker","George Orwell","Sandra Cisneros","White / Caucasian","Woman",33,0,1,"2Liberal",2,-2,"Democrat",1,0,0,-0.0298167632782783,0.867187275159856,0.833213301615697,0.849920820654961,0.630126158538059,0.197258612462279,1.27877863047032,-0.303818677989925,0.390739521647558,36
1,1,0,1,0,0,0,0,1,"J.R.R. Tolkien","Lucy Maud","J.D. Salinger","Alice Walker","Louisa May Alcott","Charles Dickens","Michael Crichton","White / Caucasian","Woman",38,0,1,"7Extremely conservative",7,3,"Republican",0,0,1,-1.08695655223542,-1.12811088007521,0.342347459274123,-0.616756701714219,-0.622369168687682,-0.934077547247848,-0.967724369004566,-0.89626510007028,-0.932689005440898,36
0,1,1,1,0,1,1,1,2,"F. Scott Fitzgerald","J.D. Salinger","Charles Dickens","Gabriel Garcia Marquez","J.R.R. Tolkien","Toni Morrison","Lucy Maud","Hispanic / Latinx","Woman",51,0,0,"3Slightly liberal",3,-1,"Independent",0,1,0,0.498753131200294,-0.130461802457677,-0.639384225409024,-0.616756701714219,-0.221962399595157,0.762926692317342,-0.406098619135845,-0.303818677989925,0.0176697983971905,36
1,1,1,0,1,1,0,0,0,"Michael Crichton","Ernest Hemingway","Ray Bradbury","Jack London","John Steinbeck","J.D. Salinger","Toni Morrison","White / Caucasian","Man",74,1,1,"1Extremely liberal",1,-3,"Democrat",1,0,0,1.02732302567887,0.867187275159856,1.32407914395727,1.33881332811135,1.13935069322684,1.3285947721724,1.27877863047032,1.47352058825114,1.36029799696462,36
0,1,1,1,1,1,0,0,1,"Michael Crichton","J.D. Salinger","Jack London","Alice Walker","Ernest Hemingway","Emily Bronte","Toni Morrison","White / Caucasian","Woman",42,0,1,"2Liberal",2,-2,"Democrat",1,0,0,1.55589292015744,1.36601181396862,1.32407914395727,1.33881332811135,1.39619930154867,1.89426285202747,1.84040438033904,2.06596701033149,1.933544747566,36
0,1,1,1,0,1,1,1,4,"Toni Morrison","Alice Walker","WEB Du Bois","Agatha Christie","Joyce Carol Oates","Isabel Allende","J.R.R. Tolkien","Black or African American","Woman",48,0,0,"4Moderate; middle of the road",4,0,"Independent",0,1,0,-0.55838665775685,-0.629286341266444,-0.639384225409024,-0.616756701714219,-0.610953481536634,-0.368409467392785,-0.406098619135845,-0.303818677989925,-0.359442254839518,36
0,1,1,1,0,0,0,1,0,"Ernest Hemingway","John Steinbeck","Charles Dickens","J.D. Salinger","George Orwell","F. Scott Fitzgerald","Jane Austen","White / Caucasian","Man",37,1,1,"2Liberal",2,-2,"Democrat",1,0,0,-0.0298167632782783,-0.130461802457677,-0.14851838306745,-0.127864194257826,-0.109165285765308,0.197258612462279,0.155527130732877,-0.303818677989925,0.0163223550684099,36
0,1,1,1,0,1,1,1,4,"Gabriel Garcia Marquez","Isabel Allende","Sandra Cisneros","Emily Bronte","Alice Walker","Jane Austen","George Orwell","Hispanic / Latinx","Woman",31,0,0,"3Slightly liberal",3,-1,"Democrat",1,0,0,-0.55838665775685,-1.12811088007521,-0.639384225409024,-0.616756701714219,-0.735659616238826,-0.934077547247848,-0.406098619135845,-0.89626510007028,-0.745480422151324,36
1,1,1,0,0,0,0,1,3,"Agatha Christie","J.R.R. Tolkien","George Orwell","Isabel Allende","Sandra Cisneros","Alice Walker","Nathaniel Hawthorne","White / Caucasian","Woman",56,0,1,"3Slightly liberal",3,-1,"Democrat",1,0,0,-1.08695655223542,-0.629286341266444,-0.639384225409024,-1.10564920917061,-0.865319082020376,-0.934077547247848,-0.967724369004566,-0.89626510007028,-0.932689005440898,36
1,1,1,0,0,0,1,1,2,"Agatha Christie","Jane Austen","Lucy Maud","Ray Bradbury","Isabel Allende","Sandra Cisneros","J.D. Salinger","Asian / Pacific Islander","Woman",25,0,0,"2Liberal",2,-2,"Independent",0,1,0,0.498753131200294,0.867187275159856,-0.14851838306745,0.849920820654961,0.516835710986915,1.89426285202747,0.717152880601598,0.881074166170784,1.16416329959995,36
1,0,1,1,0,0,0,1,0,"Charles Dickens","J.R.R. Tolkien","Ernest Hemingway","Jane Austen","F. Scott Fitzgerald","Louisa May Alcott","John Steinbeck","White / Caucasian","Woman",62,0,1,"6Conservative",6,2,"Republican",0,0,1,-0.55838665775685,-0.130461802457677,-0.14851838306745,-0.127864194257826,-0.241307759384951,-0.368409467392785,-0.406098619135845,0.288627744090429,-0.161960114146067,36
0,1,1,1,1,1,0,0,2,"Gabriel Garcia Marquez","Sylvia Plath","Louisa May Alcott","Jane Austen","Toni Morrison","Jack London","Sandra Cisneros","White / Caucasian","Woman",28,0,1,"2Liberal",2,-2,"Democrat",1,0,0,1.55589292015744,1.36601181396862,0.833213301615697,0.849920820654961,1.15125971409918,0.197258612462279,-0.406098619135845,-0.303818677989925,-0.170886228221164,36
0,1,1,1,0,1,0,0,1,"Lucy Maud","Louisa May Alcott","Agatha Christie","Alice Walker","J.R.R. Tolkien","Sylvia Plath","Joyce Carol Oates","White / Caucasian","Woman",32,0,1,"7Extremely conservative",7,3,"Republican",0,0,1,-1.08695655223542,-1.12811088007521,-1.1302500677506,-1.10564920917061,-1.11274167730796,-0.934077547247848,-0.967724369004566,-0.89626510007028,-0.932689005440898,36
1,1,1,0,1,1,0,1,0,"George Orwell","Herman Melville","Ernest Hemingway","F. Scott Fitzgerald","Charles Dickens","J.R.R. Tolkien","WEB Du Bois","White / Caucasian","Man",48,1,1,"4Moderate; middle of the road",4,0,"Independent",0,1,0,1.02732302567887,0.867187275159856,1.32407914395727,0.849920820654961,1.01712756636274,0.762926692317342,-0.406098619135845,1.47352058825114,0.610116220477545,36
1,1,0,1,0,0,0,1,0,"Charles Dickens","Jane Austen","J.R.R. Tolkien","Ernest Hemingway","John Steinbeck","Ray Bradbury","Nathaniel Hawthorne","White / Caucasian","Man",59,1,1,"6Conservative",6,2,"Republican",0,0,1,-1.08695655223542,-1.12811088007521,-1.1302500677506,-1.10564920917061,-1.11274167730796,-0.934077547247848,-0.967724369004566,-0.89626510007028,-0.932689005440898,36
0,1,1,1,0,0,1,1,1,"Jack London","Jane Austen","Alice Walker","Herman Melville","Michael Crichton","John Steinbeck","Charles Dickens","White / Caucasian","Woman",35,0,1,"4Moderate; middle of the road",4,0,"Independent",0,1,0,1.02732302567887,-0.629286341266444,0.833213301615697,0.361028313198567,0.398069574806671,0.762926692317342,-0.406098619135845,-0.303818677989925,0.0176697983971905,36
0,1,1,1,0,1,0,1,0,"Charles Dickens","Nathaniel Hawthorne","Agatha Christie","F. Scott Fitzgerald","George Orwell","J.R.R. Tolkien","Louisa May Alcott","White / Caucasian","Woman",29,0,1,"5Slightly conservative",5,1,"Independent",0,1,0,1.55589292015744,0.867187275159856,0.833213301615697,0.361028313198567,0.904330452532889,1.3285947721724,0.717152880601598,1.47352058825114,1.17308941367505,36
1,1,1,0,0,1,0,0,0,"Agatha Christie","Sylvia Plath","George Orwell","J.D. Salinger","Ray Bradbury","Louisa May Alcott","Joyce Carol Oates","White / Caucasian","Woman",25,0,1,"1Extremely liberal",1,-3,"Democrat",1,0,0,0.498753131200294,0.368362736351089,0.833213301615697,-0.127864194257826,0.393116243727313,0.762926692317342,0.717152880601598,-0.303818677989925,0.392086964976338,36
0,1,1,1,0,0,0,1,2,"Louisa May Alcott","Emily Bronte","Jane Austen","Isabel Allende","Joyce Carol Oates","Sandra Cisneros","Sylvia Plath","Hispanic / Latinx","Woman",63,0,0,"2Liberal",2,-2,"Democrat",1,0,0,-1.08695655223542,-1.12811088007521,-1.1302500677506,-1.10564920917061,-1.11274167730796,-0.934077547247848,-0.967724369004566,-0.89626510007028,-0.932689005440898,36
0,1,1,1,1,1,1,0,2,"J.R.R. Tolkien","Gabriel Garcia Marquez","Emily Bronte","Joyce Carol Oates","Sandra Cisneros","Jane Austen","Isabel Allende","Hispanic / Latinx","Woman",22,0,0,"1Extremely liberal",1,-3,"Democrat",1,0,0,1.55589292015744,0.368362736351089,0.342347459274123,-0.616756701714219,0.412461603517108,1.3285947721724,0.717152880601598,-0.303818677989925,0.580642991594693,36
1,0,1,1,0,0,0,1,2,"George Orwell","Ray Bradbury","WEB Du Bois","Agatha Christie","John Steinbeck","Alice Walker","Sylvia Plath","White / Caucasian","Woman",32,0,1,"3Slightly liberal",3,-1,"Democrat",1,0,0,-1.08695655223542,-0.629286341266444,-0.639384225409024,-0.616756701714219,-0.743095955156277,-0.934077547247848,-0.406098619135845,-0.89626510007028,-0.745480422151324,36
1,1,1,0,0,1,0,1,2,"Toni Morrison","Alice Walker","Michael Crichton","Joyce Carol Oates","F. Scott Fitzgerald","Lucy Maud","Louisa May Alcott","Black or African American","Woman",59,0,0,"1Extremely liberal",1,-3,"Democrat",1,0,0,1.55589292015744,0.867187275159856,1.32407914395727,1.33881332811135,1.27149316684648,1.3285947721724,2.40203013020776,2.06596701033149,1.93219730423722,36
1,1,0,1,0,0,0,1,2,"Toni Morrison","Ernest Hemingway","Alice Walker","Emily Bronte","John Steinbeck","Jack London","Sylvia Plath","Black or African American","Woman",33,0,0,"4Moderate; middle of the road",4,0,"Independent",0,1,0,-1.08695655223542,1.36601181396862,-1.1302500677506,-1.10564920917061,-0.489211003797002,-0.934077547247848,1.84040438033904,-0.89626510007028,0.00335391100697095,36
1,1,1,0,0,1,1,1,1,"Michael Crichton","Charles Dickens","Jack London","Herman Melville","Ernest Hemingway","Alice Walker","J.R.R. Tolkien","White / Caucasian","Man",26,1,1,"2Liberal",2,-2,"Democrat",1,0,0,1.55589292015744,0.867187275159856,0.833213301615697,1.33881332811135,1.14877670626109,1.3285947721724,1.27877863047032,2.06596701033149,1.55778013765807,36
1,0,1,1,0,1,0,1,1,"F. Scott Fitzgerald","Lucy Maud","Alice Walker","Jack London","Jane Austen","Nathaniel Hawthorne","Herman Melville","White / Caucasian","Woman",30,0,1,"5Slightly conservative",5,1,"Republican",0,0,1,-0.0298167632782783,-0.629286341266444,-0.639384225409024,1.33881332811135,0.0100814995394019,-0.368409467392785,-0.406098619135845,-0.303818677989925,-0.359442254839518,36
0,1,1,1,0,1,1,1,4,"Toni Morrison","Ernest Hemingway","WEB Du Bois","Gabriel Garcia Marquez","Alice Walker","Herman Melville","J.R.R. Tolkien","Black or African American","Woman",31,0,0,"7Extremely conservative",7,3,"Democrat",1,0,0,2.08446281463601,1.86483635277739,1.81494498629884,1.82770583556775,1.89798749732,2.45993093188253,2.40203013020776,2.65841343241185,2.50679149816738,36
0,1,1,1,0,1,0,1,1,"Joyce Carol Oates","F. Scott Fitzgerald","Lucy Maud","Ray Bradbury","Sandra Cisneros","John Steinbeck","Agatha Christie","White / Caucasian","Woman",43,0,1,"5Slightly conservative",5,1,"Independent",0,1,0,-1.08695655223542,-1.12811088007521,-1.1302500677506,-1.10564920917061,-1.11274167730796,-0.934077547247848,-0.967724369004566,-0.89626510007028,-0.932689005440898,36
1,1,1,0,1,1,1,0,2,"Jack London","Gabriel Garcia Marquez","George Orwell","WEB Du Bois","Herman Melville","J.D. Salinger","Isabel Allende","White / Caucasian","Woman",73,0,1,"2Liberal",2,-2,"Democrat",1,0,0,-0.55838665775685,-0.629286341266444,-0.639384225409024,-0.616756701714219,-0.610953481536634,-0.368409467392785,-0.406098619135845,-0.303818677989925,-0.359442254839518,36
0,1,1,1,0,1,0,1,0,"Agatha Christie","Nathaniel Hawthorne","J.R.R. Tolkien","Michael Crichton","Louisa May Alcott","John Steinbeck","Ray Bradbury","White / Caucasian","Woman",32,0,1,"7Extremely conservative",7,3,"Republican",0,0,1,-1.08695655223542,-1.12811088007521,-1.1302500677506,-1.10564920917061,-1.11274167730796,-0.934077547247848,-0.967724369004566,-0.89626510007028,-0.932689005440898,36
0,1,1,1,0,1,0,1,1,"Charles Dickens","Jack London","John Steinbeck","Ray Bradbury","Ernest Hemingway","Gabriel Garcia Marquez","Louisa May Alcott","White / Caucasian","Woman",56,0,1,"2Liberal",2,-2,"Democrat",1,0,0,-0.55838665775685,-0.629286341266444,-0.639384225409024,-0.616756701714219,-0.610953481536634,-0.368409467392785,-0.406098619135845,-0.303818677989925,-0.359442254839518,36
0,1,1,1,0,0,0,1,1,"Michael Crichton","Toni Morrison","Agatha Christie","Jack London","Ray Bradbury","John Steinbeck","Ernest Hemingway","White / Caucasian","Man",74,1,1,"6Conservative",6,2,"Republican",0,0,1,-0.55838665775685,-0.629286341266444,-0.639384225409024,-0.616756701714219,-0.610953481536634,-0.368409467392785,-0.406098619135845,-0.303818677989925,-0.359442254839518,36
0,1,1,1,1,1,1,0,2,"Sylvia Plath","Emily Bronte","Alice Walker","Toni Morrison","Joyce Carol Oates","Louisa May Alcott","Isabel Allende","White / Caucasian","Man",50,1,1,"1Extremely liberal",1,-3,"Democrat",1,0,0,0.498753131200294,-0.629286341266444,-0.14851838306745,0.361028313198567,0.0204941800162416,0.197258612462279,0.155527130732877,0.288627744090429,0.213804495761861,36
0,1,1,1,0,0,0,1,0,"George Orwell","J.R.R. Tolkien","Lucy Maud","Michael Crichton","Charles Dickens","Ray Bradbury","Jane Austen","Black or African American","Woman",27,0,0,"5Slightly conservative",5,1,"Independent",0,1,0,1.55589292015744,1.36601181396862,1.32407914395727,1.33881332811135,1.39619930154867,1.89426285202747,1.84040438033904,2.06596701033149,1.933544747566,36
1,0,1,1,1,0,0,0,0,"J.R.R. Tolkien","Jack London","J.D. Salinger","Charles Dickens","Ernest Hemingway","Emily Bronte","Alice Walker","White / Caucasian","Woman",39,0,1,"3Slightly liberal",3,-1,"Democrat",1,0,0,0.498753131200294,1.36601181396862,0.833213301615697,0.849920820654961,0.886974766859893,1.3285947721724,1.84040438033904,0.288627744090429,1.15254229886729,36
1,1,1,0,1,1,0,0,2,"Isabel Allende","Agatha Christie","George Orwell","Alice Walker","J.R.R. Tolkien","Louisa May Alcott","Sandra Cisneros","White / Caucasian","Woman",56,0,1,"5Slightly conservative",5,1,"Independent",0,1,0,-0.55838665775685,-0.629286341266444,-0.639384225409024,-0.616756701714219,-0.610953481536634,-0.368409467392785,-0.406098619135845,-0.303818677989925,-0.359442254839518,36
1,1,1,0,1,1,0,0,2,"J.R.R. Tolkien","Joyce Carol Oates","Ray Bradbury","Gabriel Garcia Marquez","Agatha Christie","Alice Walker","Toni Morrison","White / Caucasian","Woman",66,0,1,"5Slightly conservative",5,1,"Republican",0,0,1,1.55589292015744,1.36601181396862,1.32407914395727,1.33881332811135,1.39619930154867,1.89426285202747,1.27877863047032,2.06596701033149,1.74633616427643,36
1,1,1,0,0,0,0,0,0,"J.R.R. Tolkien","Agatha Christie","Herman Melville","F. Scott Fitzgerald","J.D. Salinger","Nathaniel Hawthorne","Michael Crichton","Asian / Pacific Islander","Man",33,1,0,"4Moderate; middle of the road",4,0,"Independent",0,1,0,-0.55838665775685,-0.629286341266444,-0.639384225409024,-0.616756701714219,-0.610953481536634,-0.368409467392785,-0.406098619135845,-0.303818677989925,-0.359442254839518,36
0,1,1,1,0,0,0,1,0,"George Orwell","J.R.R. Tolkien","Michael Crichton","Ernest Hemingway","Charles Dickens","Agatha Christie","Jane Austen","White / Caucasian","Man",43,1,1,"4Moderate; middle of the road",4,0,"Independent",0,1,0,-1.08695655223542,-1.12811088007521,-1.1302500677506,-1.10564920917061,-1.11274167730796,-0.934077547247848,-0.967724369004566,-0.89626510007028,-0.932689005440898,36
0,1,1,1,0,0,1,1,1,"Jane Austen","George Orwell","Ernest Hemingway","Ray Bradbury","John Steinbeck","Alice Walker","J.D. Salinger","Hispanic / Latinx","Woman",51,0,0,"4Moderate; middle of the road",4,0,"Independent",0,1,0,-0.0298167632782783,0.368362736351089,0.342347459274123,0.361028313198567,0.260480436386375,0.197258612462279,0.717152880601598,0.288627744090429,0.401013079051435,36
0,1,1,1,0,1,0,1,2,"Jane Austen","Alice Walker","Nathaniel Hawthorne","J.R.R. Tolkien","Lucy Maud","Isabel Allende","Herman Melville","White / Caucasian","Woman",36,0,1,"4Moderate; middle of the road",4,0,"Republican",0,0,1,-1.08695655223542,-1.12811088007521,-1.1302500677506,-1.10564920917061,-1.11274167730796,-0.934077547247848,-0.967724369004566,-0.89626510007028,-0.932689005440898,36
0,1,1,1,0,1,0,1,3,"WEB Du Bois","Isabel Allende","Ernest Hemingway","Gabriel Garcia Marquez","Emily Bronte","Ray Bradbury","Louisa May Alcott","White / Caucasian","Man",43,1,1,"7Extremely conservative",7,3,"Republican",0,0,1,-0.0298167632782783,1.36601181396862,1.32407914395727,1.82770583556775,1.12199500755384,1.3285947721724,1.84040438033904,2.06596701033149,1.74498872094765,36
0,1,1,1,0,1,0,1,3,"Toni Morrison","Agatha Christie","Sandra Cisneros","Joyce Carol Oates","Sylvia Plath","Alice Walker","Louisa May Alcott","White / Caucasian","Woman",37,0,1,"2Liberal",2,-2,"Independent",0,1,0,-0.55838665775685,-0.629286341266444,-0.639384225409024,-0.616756701714219,-0.610953481536634,-0.368409467392785,-0.967724369004566,-0.89626510007028,-0.744132978822544,36
1,1,1,0,0,0,0,1,1,"Jack London","J.D. Salinger","WEB Du Bois","George Orwell","Herman Melville","Nathaniel Hawthorne","John Steinbeck","White / Caucasian","Woman",81,0,1,"3Slightly liberal",3,-1,"Independent",0,1,0,1.02732302567887,0.368362736351089,0.342347459274123,0.361028313198567,0.524765383625661,1.3285947721724,0.717152880601598,0.881074166170784,0.975607272981596,36
1,1,1,0,0,1,1,1,2,"Alice Walker","Louisa May Alcott","Joyce Carol Oates","Emily Bronte","Toni Morrison","Jack London","George Orwell","White / Caucasian","Woman",66,0,1,"5Slightly conservative",5,1,"Independent",0,1,0,-0.55838665775685,-0.629286341266444,-0.639384225409024,-0.616756701714219,-0.610953481536634,-0.368409467392785,-0.406098619135845,-0.303818677989925,-0.359442254839518,36
1,1,0,1,0,1,0,1,2,"Toni Morrison","F. Scott Fitzgerald","Alice Walker","Jane Austen","Lucy Maud","Ernest Hemingway","Herman Melville","White / Caucasian","Woman",28,0,1,"6Conservative",6,2,"Republican",0,0,1,1.02732302567887,-0.130461802457677,0.342347459274123,0.361028313198567,0.40005924892347,-0.368409467392785,1.84040438033904,-0.303818677989925,0.389392078318777,36
1,1,1,0,0,0,0,1,1,"Agatha Christie","Ernest Hemingway","Gabriel Garcia Marquez","Sylvia Plath","Charles Dickens","F. Scott Fitzgerald","Jane Austen","Hispanic / Latinx","Woman",30,0,0,"5Slightly conservative",5,1,"Independent",0,1,0,-1.08695655223542,-1.12811088007521,-1.1302500677506,-1.10564920917061,-1.11274167730796,-0.934077547247848,-0.967724369004566,-0.89626510007028,-0.932689005440898,36
1,0,1,1,0,1,0,1,0,"F. Scott Fitzgerald","Agatha Christie","Charles Dickens","Jack London","Michael Crichton","Jane Austen","Emily Bronte","White / Caucasian","Man",30,1,1,"2Liberal",2,-2,"Democrat",1,0,0,-0.55838665775685,-0.629286341266444,-1.1302500677506,-1.10564920917061,-0.855893068986126,-0.934077547247848,-0.967724369004566,-0.89626510007028,-0.932689005440898,36
0,1,1,1,1,0,0,0,0,"F. Scott Fitzgerald","Jane Austen","Ernest Hemingway","Emily Bronte","J.R.R. Tolkien","Michael Crichton","Alice Walker","White / Caucasian","Woman",27,0,1,"2Liberal",2,-2,"Democrat",1,0,0,1.55589292015744,0.867187275159856,1.81494498629884,1.33881332811135,1.39420962743187,0.197258612462279,0.155527130732877,-0.303818677989925,0.0163223550684099,36
0,1,1,1,0,0,1,1,2,"Emily Bronte","Sandra Cisneros","George Orwell","Toni Morrison","Agatha Christie","Joyce Carol Oates","Charles Dickens","Hispanic / Latinx","Woman",37,0,0,"3Slightly liberal",3,-1,"Democrat",1,0,0,-0.0298167632782783,-0.130461802457677,1.32407914395727,-0.127864194257826,0.258984095990872,1.3285947721724,1.27877863047032,1.47352058825114,1.36029799696462,36
0,1,1,1,0,1,0,0,1,"Ray Bradbury","Jane Austen","J.D. Salinger","Gabriel Garcia Marquez","Lucy Maud","Ernest Hemingway","Joyce Carol Oates","Black or African American","Man",30,1,0,"4Moderate; middle of the road",4,0,"Independent",0,1,0,1.55589292015744,-1.12811088007521,0.342347459274123,0.361028313198567,0.282789453138729,1.3285947721724,-0.406098619135845,0.881074166170784,0.601190106402448,36
0,1,1,1,0,1,0,1,0,"Nathaniel Hawthorne","John Steinbeck","Jack London","J.R.R. Tolkien","Ernest Hemingway","Charles Dickens","Agatha Christie","White / Caucasian","Man",45,1,1,"4Moderate; middle of the road",4,0,"Independent",0,1,0,-1.08695655223542,-1.12811088007521,-1.1302500677506,-1.10564920917061,-1.11274167730796,-0.934077547247848,-0.967724369004566,-0.89626510007028,-0.932689005440898,36
1,1,0,1,0,0,0,1,1,"Michael Crichton","Louisa May Alcott","Agatha Christie","Ray Bradbury","Isabel Allende","J.R.R. Tolkien","Jack London","White / Caucasian","Man",35,1,1,"6Conservative",6,2,"Republican",0,0,1,-0.55838665775685,-0.629286341266444,-0.639384225409024,-0.616756701714219,-0.610953481536634,-0.368409467392785,-0.406098619135845,-0.303818677989925,-0.359442254839518,36
0,1,1,1,0,0,1,1,0,"Charles Dickens","Ernest Hemingway","Lucy Maud","J.R.R. Tolkien","Jane Austen","Emily Bronte","F. Scott Fitzgerald","White / Caucasian","Woman",43,0,1,"6Conservative",6,2,"Republican",0,0,1,1.55589292015744,0.867187275159856,1.32407914395727,1.33881332811135,1.27149316684648,1.3285947721724,1.27877863047032,2.06596701033149,1.55778013765807,36
1,0,1,1,0,0,0,0,2,"WEB Du Bois","Jane Austen","Ernest Hemingway","Alice Walker","F. Scott Fitzgerald","J.D. Salinger","Michael Crichton","Hispanic / Latinx","Man",25,1,0,"2Liberal",2,-2,"Democrat",1,0,0,-0.0298167632782783,0.368362736351089,0.342347459274123,0.361028313198567,0.260480436386375,0.197258612462279,0.155527130732877,-0.303818677989925,0.0163223550684099,36
0,1,1,1,0,1,0,1,0,"Nathaniel Hawthorne","J.R.R. Tolkien","Ernest Hemingway","George Orwell","Charles Dickens","F. Scott Fitzgerald","Agatha Christie","White / Caucasian","Man",64,1,1,"6Conservative",6,2,"Republican",0,0,1,-1.08695655223542,-1.12811088007521,-1.1302500677506,-1.10564920917061,-1.11274167730796,-0.934077547247848,-0.967724369004566,-0.89626510007028,-0.932689005440898,36
1,0,1,1,0,0,0,1,0,"Jack London","Charles Dickens","Michael Crichton","Louisa May Alcott","Jane Austen","J.D. Salinger","John Steinbeck","White / Caucasian","Woman",53,0,1,"6Conservative",6,2,"Republican",0,0,1,0.498753131200294,0.368362736351089,-0.639384225409024,-0.616756701714219,-0.097256264892965,-0.368409467392785,-0.406098619135845,0.881074166170784,0.0355220265473848,36
0,1,1,1,0,0,1,1,3,"Agatha Christie","Gabriel Garcia Marquez","Lucy Maud","Alice Walker","Isabel Allende","Ray Bradbury","Charles Dickens","White / Caucasian","Woman",63,0,1,"4Moderate; middle of the road",4,0,"Independent",0,1,0,-0.55838665775685,-0.130461802457677,-0.14851838306745,-0.616756701714219,-0.363530886249049,-0.934077547247848,0.155527130732877,-0.303818677989925,-0.360789698168299,36
1,1,1,0,1,1,0,1,2,"Joyce Carol Oates","Isabel Allende","Charles Dickens","Toni Morrison","George Orwell","Jack London","WEB Du Bois","Asian / Pacific Islander","Non-binary",35,0,0,"1Extremely liberal",1,-3,"Independent",0,1,0,-1.08695655223542,1.86483635277739,1.32407914395727,1.82770583556775,0.982416195016746,-0.934077547247848,-0.406098619135845,-0.89626510007028,-0.745480422151324,36
1,1,0,1,0,1,0,1,1,"Louisa May Alcott","Michael Crichton","Jack London","Lucy Maud","Alice Walker","J.D. Salinger","Agatha Christie","White / Caucasian","Woman",63,0,1,"7Extremely conservative",7,3,"Republican",0,0,1,-1.08695655223542,-1.12811088007521,-0.639384225409024,-1.10564920917061,-0.990025216722567,-0.934077547247848,-0.967724369004566,-0.89626510007028,-0.932689005440898,36
0,1,1,1,0,1,0,1,3,"Alice Walker","Sandra Cisneros","Jack London","Sylvia Plath","Toni Morrison","J.R.R. Tolkien","Ray Bradbury","Black or African American","Man",37,1,0,"4Moderate; middle of the road",4,0,"Independent",0,1,0,2.08446281463601,-1.12811088007521,-1.1302500677506,-1.10564920917061,-0.319886835590103,-0.934077547247848,-0.967724369004566,-0.89626510007028,-0.932689005440898,36
0,1,1,1,0,1,0,1,3,"Emily Bronte","Sandra Cisneros","Alice Walker","Toni Morrison","Sylvia Plath","Jane Austen","Louisa May Alcott","White / Caucasian","Woman",26,0,1,"2Liberal",2,-2,"Democrat",1,0,0,-0.0298167632782783,0.867187275159856,0.342347459274123,-0.127864194257826,0.262963444224469,-0.368409467392785,-0.406098619135845,0.288627744090429,-0.161960114146067,36
0,1,1,1,0,0,0,1,0,"George Orwell","Jack London","Charles Dickens","Agatha Christie","John Steinbeck","F. Scott Fitzgerald","Jane Austen","Black or African American","Woman",39,0,0,"5Slightly conservative",5,1,"Republican",0,0,1,1.55589292015744,1.86483635277739,1.32407914395727,1.82770583556775,1.64312856311496,2.45993093188253,1.84040438033904,2.65841343241185,2.31958291487781,36
1,1,1,0,1,0,0,0,1,"Agatha Christie","J.R.R. Tolkien","Gabriel Garcia Marquez","Ernest Hemingway","George Orwell","Lucy Maud","Alice Walker","Hispanic / Latinx","Man",55,1,0,"4Moderate; middle of the road",4,0,"Independent",0,1,0,-0.55838665775685,-0.629286341266444,-0.639384225409024,-0.616756701714219,-0.610953481536634,-0.368409467392785,-0.406098619135845,-0.303818677989925,-0.359442254839518,36
1,1,1,0,0,1,0,1,6,"Isabel Allende","Alice Walker","Toni Morrison","Sandra Cisneros","Gabriel Garcia Marquez","WEB Du Bois","Ray Bradbury","White / Caucasian","Woman",77,0,1,"4Moderate; middle of the road",4,0,"Independent",0,1,0,-1.08695655223542,-1.12811088007521,-1.1302500677506,-1.10564920917061,-1.11274167730796,-0.934077547247848,-0.967724369004566,-0.89626510007028,-0.932689005440898,36
1,1,0,1,0,0,0,1,0,"J.D. Salinger","Louisa May Alcott","Lucy Maud","Emily Bronte","Jane Austen","Agatha Christie","John Steinbeck","White / Caucasian","Woman",58,0,1,"6Conservative",6,2,"Republican",0,0,1,-0.55838665775685,-0.629286341266444,-0.639384225409024,-0.616756701714219,-0.610953481536634,-0.368409467392785,-0.406098619135845,-0.303818677989925,-0.359442254839518,36
0,1,1,1,0,0,0,1,0,"John Steinbeck","J.D. Salinger","Agatha Christie","George Orwell","F. Scott Fitzgerald","Charles Dickens","Nathaniel Hawthorne","White / Caucasian","Man",59,1,1,"5Slightly conservative",5,1,"Republican",0,0,1,1.02732302567887,-0.130461802457677,0.833213301615697,-0.127864194257826,0.400552582644765,0.197258612462279,1.84040438033904,1.47352058825114,1.17039452701749,36
0,1,1,1,1,1,0,0,1,"John Steinbeck","Charles Dickens","Sylvia Plath","Toni Morrison","George Orwell","Ray Bradbury","Sandra Cisneros","White / Caucasian","Woman",34,0,1,"2Liberal",2,-2,"Democrat",1,0,0,1.55589292015744,0.867187275159856,1.32407914395727,1.33881332811135,1.27149316684648,-0.368409467392785,-0.406098619135845,-0.303818677989925,-0.359442254839518,36
1,1,1,0,1,1,1,1,1,"Joyce Carol Oates","Nathaniel Hawthorne","Louisa May Alcott","Jane Austen","J.D. Salinger","Isabel Allende","Gabriel Garcia Marquez","White / Caucasian","Man",35,1,1,"2Liberal",2,-2,"Democrat",1,0,0,1.02732302567887,0.867187275159856,0.342347459274123,1.33881332811135,0.89391777205605,1.3285947721724,1.27877863047032,2.06596701033149,1.55778013765807,36
0,1,1,1,0,0,0,1,1,"Jack London","J.D. Salinger","F. Scott Fitzgerald","George Orwell","WEB Du Bois","Herman Melville","Jane Austen","White / Caucasian","Man",36,1,1,"4Moderate; middle of the road",4,0,"Independent",0,1,0,0.498753131200294,0.368362736351089,-1.1302500677506,0.361028313198567,0.0244735282498383,-0.934077547247848,-0.967724369004566,-0.89626510007028,-0.932689005440898,36
1,1,1,0,1,1,1,0,4,"Toni Morrison","WEB Du Bois","Louisa May Alcott","Sandra Cisneros","Alice Walker","Joyce Carol Oates","Isabel Allende","Black or African American","Woman",43,0,0,"1Extremely liberal",1,-3,"Independent",0,1,0,0.498753131200294,1.86483635277739,1.81494498629884,1.82770583556775,1.50156007646107,-0.934077547247848,-0.967724369004566,-0.89626510007028,-0.932689005440898,36
0,1,1,1,0,1,0,1,4,"Toni Morrison","Sandra Cisneros","Emily Bronte","Herman Melville","WEB Du Bois","Alice Walker","Ray Bradbury","Black or African American","Woman",27,0,0,"7Extremely conservative",7,3,"Republican",0,0,1,1.55589292015744,0.867187275159856,0.342347459274123,0.849920820654961,0.903837118811594,1.89426285202747,1.84040438033904,2.06596701033149,1.933544747566,36
0,1,1,1,0,0,0,1,3,"WEB Du Bois","Emily Bronte","Jane Austen","Joyce Carol Oates","Alice Walker","Sandra Cisneros","Nathaniel Hawthorne","White / Caucasian","Woman",52,0,1,"5Slightly conservative",5,1,"Independent",0,1,0,-1.08695655223542,-1.12811088007521,-1.1302500677506,-1.10564920917061,-1.11274167730796,-0.934077547247848,-0.967724369004566,-0.89626510007028,-0.932689005440898,36
1,1,0,1,0,0,0,1,2,"Gabriel Garcia Marquez","Agatha Christie","Ray Bradbury","J.D. Salinger","Toni Morrison","F. Scott Fitzgerald","Sylvia Plath","White / Caucasian","Woman",41,0,1,"2Liberal",2,-2,"Democrat",1,0,0,1.02732302567887,0.867187275159856,-0.14851838306745,-0.127864194257826,0.404531930878361,1.3285947721724,1.27877863047032,0.288627744090429,0.965333715577718,36
1,1,0,1,0,1,1,1,0,"F. Scott Fitzgerald","Nathaniel Hawthorne","Jane Austen","Charles Dickens","Agatha Christie","Lucy Maud","George Orwell","White / Caucasian","Woman",58,0,1,"6Conservative",6,2,"Republican",0,0,1,-1.08695655223542,-1.12811088007521,-1.1302500677506,-1.10564920917061,-1.11274167730796,-0.934077547247848,-0.967724369004566,-0.89626510007028,-0.932689005440898,36
1,1,0,1,0,1,0,1,2,"Alice Walker","J.R.R. Tolkien","F. Scott Fitzgerald","Michael Crichton","George Orwell","Toni Morrison","Agatha Christie","Black or African American","Woman",27,0,0,"2Liberal",2,-2,"Democrat",1,0,0,1.55589292015744,1.86483635277739,1.81494498629884,1.82770583556775,1.76584502370035,1.89426285202747,1.84040438033904,2.06596701033149,1.933544747566,36
1,1,0,1,0,1,0,1,0,"J.R.R. Tolkien","Sylvia Plath","George Orwell","Lucy Maud","Herman Melville","Agatha Christie","Emily Bronte","White / Caucasian","Woman",42,0,1,"2Liberal",2,-2,"Independent",0,1,0,1.02732302567887,-0.130461802457677,-0.14851838306745,-0.127864194257826,0.155119661473978,1.3285947721724,0.155527130732877,1.47352058825114,0.985880830385473,36
0,1,1,1,0,1,0,1,0,"Agatha Christie","George Orwell","Jack London","Ray Bradbury","J.R.R. Tolkien","Michael Crichton","Louisa May Alcott","White / Caucasian","Man",61,1,1,"3Slightly liberal",3,-1,"Democrat",1,0,0,-1.08695655223542,-1.12811088007521,-1.1302500677506,-1.10564920917061,-1.11274167730796,-0.934077547247848,-0.967724369004566,-0.89626510007028,-0.932689005440898,36
0,1,1,1,0,0,0,1,0,"J.R.R. Tolkien","John Steinbeck","Charles Dickens","Ernest Hemingway","Nathaniel Hawthorne","George Orwell","Jane Austen","Asian / Pacific Islander","Woman",50,0,0,"4Moderate; middle of the road",4,0,"Independent",0,1,0,-1.08695655223542,-1.12811088007521,-1.1302500677506,-1.10564920917061,-1.11274167730796,-0.934077547247848,-0.967724369004566,-0.89626510007028,-0.932689005440898,36
1,0,1,1,1,0,0,0,1,"Joyce Carol Oates","Sandra Cisneros","Michael Crichton","John Steinbeck","Agatha Christie","Louisa May Alcott","Alice Walker","White / Caucasian","Woman",32,0,1,"7Extremely conservative",7,3,"Republican",0,0,1,0.498753131200294,1.86483635277739,1.81494498629884,1.82770583556775,1.50156007646107,2.45993093188253,0.717152880601598,0.881074166170784,1.3527193262183,36
0,1,1,1,0,0,0,1,1,"Sylvia Plath","Gabriel Garcia Marquez","Joyce Carol Oates","Lucy Maud","Charles Dickens","J.R.R. Tolkien","Jane Austen","White / Caucasian","Man",34,1,1,"7Extremely conservative",7,3,"Republican",0,0,1,-0.0298167632782783,0.867187275159856,-0.639384225409024,-0.127864194257826,0.0175305230536821,0.197258612462279,1.27877863047032,1.47352058825114,0.983185943727912,36
1,1,0,1,1,0,0,0,0,"J.D. Salinger","Louisa May Alcott","F. Scott Fitzgerald","Charles Dickens","Herman Melville","Michael Crichton","Alice Walker","Black or African American","Woman",21,0,0,"2Liberal",2,-2,"Independent",0,1,0,-0.0298167632782783,0.867187275159856,-0.14851838306745,0.361028313198567,0.262470110503174,0.762926692317342,1.27877863047032,1.47352058825114,1.17174197034627,36
0,1,1,1,0,1,1,1,0,"Charles Dickens","Nathaniel Hawthorne","Ernest Hemingway","Louisa May Alcott","Jane Austen","Agatha Christie","J.R.R. Tolkien","White / Caucasian","Man",49,1,1,"2Liberal",2,-2,"Democrat",1,0,0,-1.08695655223542,-1.12811088007521,-1.1302500677506,-1.10564920917061,-1.11274167730796,-0.934077547247848,-0.406098619135845,-0.89626510007028,-0.745480422151324,36
0,1,1,1,0,0,0,1,1,"Michael Crichton","Agatha Christie","Ernest Hemingway","Charles Dickens","Emily Bronte","Gabriel Garcia Marquez","John Steinbeck","White / Caucasian","Woman",51,0,1,"3Slightly liberal",3,-1,"Independent",0,1,0,-0.55838665775685,-0.629286341266444,-0.639384225409024,-0.616756701714219,-0.610953481536634,-0.368409467392785,-0.967724369004566,-0.89626510007028,-0.744132978822544,36
0,1,1,1,0,1,1,1,0,"Sylvia Plath","F. Scott Fitzgerald","Jane Austen","Charles Dickens","Emily Bronte","Jack London","J.R.R. Tolkien","White / Caucasian","Man",39,1,1,"4Moderate; middle of the road",4,0,"Independent",0,1,0,0.498753131200294,-1.12811088007521,-1.1302500677506,0.361028313198567,-0.349644875856737,0.762926692317342,-0.967724369004566,0.881074166170784,0.22542549649452,36
1,1,1,0,0,1,0,0,1,"Charles Dickens","Emily Bronte","J.R.R. Tolkien","Gabriel Garcia Marquez","Jane Austen","Agatha Christie","Joyce Carol Oates","White / Caucasian","Woman",33,0,1,"4Moderate; middle of the road",4,0,"Independent",0,1,0,-0.55838665775685,-0.629286341266444,-0.639384225409024,-0.616756701714219,-0.610953481536634,-0.368409467392785,-0.406098619135845,-0.303818677989925,-0.359442254839518,36
1,1,1,0,0,1,0,1,0,"George Orwell","Ray Bradbury","J.R.R. Tolkien","Charles Dickens","F. Scott Fitzgerald","Michael Crichton","Agatha Christie","White / Caucasian","Man",39,1,1,"6Conservative",6,2,"Republican",0,0,1,-0.55838665775685,-0.629286341266444,-0.639384225409024,-0.616756701714219,-0.610953481536634,-0.934077547247848,-0.967724369004566,-0.303818677989925,-0.735206864747446,36
0,1,1,1,1,1,1,1,2,"J.R.R. Tolkien","George Orwell","Jane Austen","Isabel Allende","Charles Dickens","Toni Morrison","Gabriel Garcia Marquez","White / Caucasian","Woman",50,0,1,"7Extremely conservative",7,3,"Democrat",1,0,0,-1.08695655223542,-0.629286341266444,-0.639384225409024,-0.127864194257826,-0.620872828292179,-0.934077547247848,0.155527130732877,0.288627744090429,-0.163307557474847,36
1,1,0,1,0,1,0,1,2,"Sandra Cisneros","WEB Du Bois","Charles Dickens","J.D. Salinger","Jane Austen","John Steinbeck","Ray Bradbury","Black or African American","Woman",31,0,0,"4Moderate; middle of the road",4,0,"Independent",0,1,0,-0.55838665775685,1.36601181396862,0.833213301615697,-0.616756701714219,0.256020439028313,-0.368409467392785,-0.406098619135845,-0.303818677989925,-0.359442254839518,36
1,1,1,0,0,1,1,1,2,"John Steinbeck","Toni Morrison","Alice Walker","George Orwell","Ernest Hemingway","Sylvia Plath","Lucy Maud","White / Caucasian","Woman",51,0,1,"2Liberal",2,-2,"Democrat",1,0,0,-0.55838665775685,-0.629286341266444,-0.639384225409024,-0.616756701714219,-0.610953481536634,-0.368409467392785,-0.406098619135845,-0.303818677989925,-0.359442254839518,36
0,1,1,1,1,0,0,0,0,"Herman Melville","John Steinbeck","George Orwell","F. Scott Fitzgerald","Emily Bronte","Sylvia Plath","Alice Walker","White / Caucasian","Man",57,1,1,"1Extremely liberal",1,-3,"Democrat",1,0,0,2.08446281463601,1.86483635277739,1.81494498629884,1.33881332811135,1.7757643704559,0.762926692317342,0.155527130732877,1.47352058825114,0.797324803767119,36
0,1,1,1,0,0,1,1,1,"Lucy Maud","Jane Austen","Sandra Cisneros","Emily Bronte","Louisa May Alcott","Herman Melville","Charles Dickens","White / Caucasian","Woman",65,0,1,"7Extremely conservative",7,3,"Republican",0,0,1,0.498753131200294,0.368362736351089,0.342347459274123,0.361028313198567,0.392622910006018,1.89426285202747,0.155527130732877,1.47352058825114,1.17443685700383,36
1,0,1,1,1,1,0,0,1,"Michael Crichton","J.D. Salinger","Alice Walker","J.R.R. Tolkien","Charles Dickens","Herman Melville","Toni Morrison","White / Caucasian","Woman",35,0,1,"2Liberal",2,-2,"Democrat",1,0,0,0.498753131200294,0.867187275159856,1.32407914395727,0.849920820654961,0.884985092743095,1.3285947721724,0.155527130732877,0.881074166170784,0.788398689692022,36
0,1,1,1,0,1,1,1,1,"Sylvia Plath","Michael Crichton","Gabriel Garcia Marquez","Jack London","F. Scott Fitzgerald","Ernest Hemingway","J.R.R. Tolkien","White / Caucasian","Woman",31,0,1,"7Extremely conservative",7,3,"Republican",0,0,1,1.55589292015744,-0.629286341266444,0.342347459274123,0.361028313198567,0.407495587840921,1.3285947721724,-0.406098619135845,-0.303818677989925,0.206225825015545,36
