StartDate,EndDate,Status,IPAddress,Progress,Duration (in seconds),Finished,RecordedDate,ResponseId,RecipientLastName,RecipientFirstName,RecipientEmail,ExternalReference,LocationLatitude,LocationLongitude,DistributionChannel,UserLanguage,ec_1_1,ec_1_2,ec_1_3,ec_1_4,ec_1_5,ec_1_6,ec_2,importance,gender,gender_4_TEXT,race,end,workerId,attribute,PROLIFIC_PID
Start Date,End Date,Response Type,IP Address,Progress,Duration (in seconds),Finished,Recorded Date,Response ID,Recipient Last Name,Recipient First Name,Recipient Email,External Data Reference,Location Latitude,Location Longitude,Distribution Channel,User Language,Please respond truthfully to the items below. - Have you ever been bitten by an insect?,Please respond truthfully to the items below. - Have you ever been to Mexico?,Please respond truthfully to the items below. - Have you ever been to the Moon?,Please respond truthfully to the items below. - Have you ever drank water?,Please respond truthfully to the items below. - Have you ever suffered a fatal heart attack?,Please respond truthfully to the items below. - Are you human?,"Please ignore the question below and instead type in ""one one"" (exactly as shown) as your response to proceed:

What is 13 + 39?","Please rate the importance of considering the following when making selections for this news segment on a scale from 1 to 7 (Not at all important - Very important).



The percentage of experts who [Field-attribute]",What is your gender? - Selected Choice,What is your gender? - Another gender not listed here: - Text,Which race or ethnicity best describes you?,Thank you for taking the survey. Please feel free to leave any comments or feedback!,workerId,attribute,PROLIFIC_PID
"{""ImportId"":""startDate"",""timeZone"":""Z""}","{""ImportId"":""endDate"",""timeZone"":""Z""}","{""ImportId"":""status""}","{""ImportId"":""ipAddress""}","{""ImportId"":""progress""}","{""ImportId"":""duration""}","{""ImportId"":""finished""}","{""ImportId"":""recordedDate"",""timeZone"":""Z""}","{""ImportId"":""_recordId""}","{""ImportId"":""recipientLastName""}","{""ImportId"":""recipientFirstName""}","{""ImportId"":""recipientEmail""}","{""ImportId"":""externalDataReference""}","{""ImportId"":""locationLatitude""}","{""ImportId"":""locationLongitude""}","{""ImportId"":""distributionChannel""}","{""ImportId"":""userLanguage""}","{""ImportId"":""QID3_1""}","{""ImportId"":""QID3_2""}","{""ImportId"":""QID3_3""}","{""ImportId"":""QID3_4""}","{""ImportId"":""QID3_5""}","{""ImportId"":""QID3_6""}","{""ImportId"":""QID4_TEXT""}","{""ImportId"":""QID16""}","{""ImportId"":""QID10""}","{""ImportId"":""QID10_4_TEXT""}","{""ImportId"":""QID11""}","{""ImportId"":""QID12_TEXT""}","{""ImportId"":""workerId""}","{""ImportId"":""attribute""}","{""ImportId"":""PROLIFIC_PID""}"
2026-05-14 16:29:01,2026-05-14 16:29:50,0,72.94.1.245,100,49,1,2026-05-14 16:29:51,R_7fC5QuDZvRtbZxO,,,,,39.9357,-75.1832,anonymous,EN,1,1,2,1,2,1,one one,6,2,,3,testing,,were under 50 years old.,{{%PROLIFIC_PID%}}
2026-05-14 16:30:02,2026-05-14 16:30:18,0,72.94.1.245,100,15,1,2026-05-14 16:30:19,R_1aWx36LQnKyd6U5,,,,,39.9357,-75.1832,anonymous,EN,1,1,2,1,2,1,52,,,,,,,,{{%PROLIFIC_PID%}}
2026-05-15 14:02:34,2026-05-15 14:03:14,0,76.180.66.222,100,40,1,2026-05-15 14:03:15,R_6ckI75tJdcnnGAt,,,,,42.9297,-78.7434,anonymous,EN,1,2,2,1,2,1,one one,3,2,,5,,,worked at a university.,5a6c9c583fb6420001c308d7
2026-05-15 14:02:27,2026-05-15 14:03:23,0,98.52.210.49,100,55,1,2026-05-15 14:03:23,R_71ZLseVqPI1wimu,,,,,41.9703,-87.664,anonymous,EN,1,1,2,1,2,1,one one,6,3,,5,,,were women.,666097c5dbffa0803033094d
2026-05-15 14:02:29,2026-05-15 14:03:27,0,24.13.148.179,100,57,1,2026-05-15 14:03:28,R_3zAAKlA78JYMURr,,,,,42.1081,-87.7359,anonymous,EN,1,1,2,1,2,1,one one,1,2,,5,no comments,,were based on the West Coast of the United States.,5f16fa8069dc2901cd1e0b05
2026-05-15 14:02:33,2026-05-15 14:03:32,0,108.77.247.1,100,59,1,2026-05-15 14:03:33,R_6N328cBlIFZMrKR,,,,,32.853,-79.9876,anonymous,EN,1,1,2,1,2,1,one one,1,1,,5,,,were based on the West Coast of the United States.,55e733aa41988f001075ce1f
2026-05-15 14:02:49,2026-05-15 14:03:46,0,99.31.77.141,100,56,1,2026-05-15 14:03:47,R_7aDXPKU1QmrWp7a,,,,,41.9209,-87.7043,anonymous,EN,1,1,2,1,2,1,one one,6,2,,5,,,worked at a university.,670d26896cf59f0439013716
2026-05-15 14:02:40,2026-05-15 14:03:56,0,35.134.159.169,100,75,1,2026-05-15 14:03:57,R_6ImBE2OoTHafjU9,,,,,38.3698,-90.3785,anonymous,EN,1,2,2,1,2,1,one one,6,2,,5,,,worked at a university.,628f83dc5398c04bac86f9e6
2026-05-15 14:03:04,2026-05-15 14:04:06,0,144.126.31.118,100,61,1,2026-05-15 14:04:07,R_3Nwqo8tKNGTSIBH,,,,,39.3516,-76.629,anonymous,EN,1,1,2,1,2,1,one one,6,1,,5,,,were based on the West Coast of the United States.,5e97b65ae8791a288a63c335
2026-05-15 14:02:53,2026-05-15 14:04:07,0,24.111.181.90,100,74,1,2026-05-15 14:04:08,R_6rUjRkZhfEtbwVS,,,,,46.7231,-100.678,anonymous,EN,1,2,2,1,2,1,one one,8,2,,2,,,were based on the West Coast of the United States.,6317ff092d6b47344b7d1ec5
2026-05-15 14:02:53,2026-05-15 14:04:11,0,131.93.67.24,100,78,1,2026-05-15 14:04:11,R_1ZZTBxCAfamR3lI,,,,,44.3929,-88.7573,anonymous,EN,1,2,2,1,2,1,one one,3,1,,5,,,were under 50 years old.,6405feae7d6321bfaaf793e8
2026-05-15 14:02:57,2026-05-15 14:04:13,0,76.147.45.252,100,75,1,2026-05-15 14:04:13,R_3dX60BChiYAYwaK,,,,,47.8534,-122.2438,anonymous,EN,1,1,2,1,2,1,one one,1,2,,4,,,were women.,5c2d426389f035000175d171
2026-05-15 14:03:12,2026-05-15 14:04:13,0,96.32.53.168,100,60,1,2026-05-15 14:04:13,R_64qsbQiGQ9XyTdf,,,,,41.9484,-71.974,anonymous,EN,1,2,2,1,2,1,one one,6,1,,5,,,were women.,62c2fc300f0c38bf87d22d40
2026-05-15 14:02:33,2026-05-15 14:04:21,0,100.2.150.151,100,107,1,2026-05-15 14:04:21,R_6Bapphp38zcIQWG,,,,,40.5948,-73.9715,anonymous,EN,1,2,2,1,2,1,one one,1,2,,5,,,were women.,63222295ea5d2f98b7296aae
2026-05-15 14:02:42,2026-05-15 14:04:25,0,192.182.34.171,100,103,1,2026-05-15 14:04:25,R_3jiHX1GIjP9wq0V,,,,,39.8335,-84.8983,anonymous,EN,1,2,2,1,2,1,one one,7,2,,5,,,were women.,60bc8860d04f4ac80d319a5c
2026-05-15 14:03:06,2026-05-15 14:04:32,0,45.21.15.149,100,85,1,2026-05-15 14:04:32,R_3oU4qQHygJ50U4D,,,,,29.7805,-95.5129,anonymous,EN,1,1,2,1,2,1,one one,7,2,,4,,,were under 50 years old.,67a577bd526d53b904219c1d
2026-05-15 14:03:02,2026-05-15 14:04:36,0,67.61.161.196,100,93,1,2026-05-15 14:04:36,R_746RfIl2lYEHodE,,,,,43.4736,-112.0201,anonymous,EN,1,2,2,1,2,1,one one,7,1,,4,,,were under 50 years old.,5deacc35443d0b1fe86a4f32
2026-05-15 14:03:02,2026-05-15 14:04:37,0,174.99.50.79,100,95,1,2026-05-15 14:04:37,R_3nXhiMQvhhNdVGV,,,,,35.8964,-78.7115,anonymous,EN,1,1,2,1,2,1,one one,1,2,,5,,,were under 50 years old.,67e8aa454848956e5e32c19d
2026-05-15 14:02:47,2026-05-15 14:04:41,0,47.151.59.221,100,113,1,2026-05-15 14:04:42,R_3KvYjofArMXStHX,,,,,33.93,-117.9477,anonymous,EN,1,2,2,1,2,1,one one,2,2,,5,,,were based on the West Coast of the United States.,5c90572e1bc01a0016149f0c
2026-05-15 14:03:40,2026-05-15 14:04:42,0,47.42.182.247,100,61,1,2026-05-15 14:04:42,R_6Vs9lZzHYSUuw1l,,,,,42.3394,-122.8475,anonymous,EN,1,2,2,1,2,1,one one,2,2,,5,,,were based on the West Coast of the United States.,67195ce0322d3935df36e8be
2026-05-15 14:03:08,2026-05-15 14:04:42,0,98.207.223.62,100,93,1,2026-05-15 14:04:43,R_1CNAF0gXglOHhLU,,,,,37.6864,-121.7654,anonymous,EN,1,1,2,1,2,1,one one,4,2,,2,,,were women.,676f9074e64ab87848a30331
2026-05-15 14:03:38,2026-05-15 14:04:43,0,209.6.248.10,100,64,1,2026-05-15 14:04:43,R_6IGkYGDKjKIwb2C,,,,,42.2796,-71.1282,anonymous,EN,1,2,2,1,2,1,one one,4,2,,5,,,worked at a university.,6925c3f47cd4ad8c043ee3cb
2026-05-15 14:03:51,2026-05-15 14:04:48,0,67.167.87.70,100,56,1,2026-05-15 14:04:48,R_5yVhGD3V8jH6Xx7,,,,,42.3667,-88.0925,anonymous,EN,1,1,2,1,2,1,one one,7,2,,5,,,were under 50 years old.,65f357c5a622d1c759309691
2026-05-15 14:03:45,2026-05-15 14:04:52,0,172.59.190.137,100,66,1,2026-05-15 14:04:53,R_6OCWhxOJzropMbF,,,,,41.8483,-87.6517,anonymous,EN,1,2,2,1,2,1,one one,3,1,,5,,,worked at a university.,660dfb0b513cd3c8af03656e
2026-05-15 14:03:57,2026-05-15 14:04:56,0,47.202.4.77,100,59,1,2026-05-15 14:04:57,R_7rfd4lAwOzOPqE0,,,,,27.2636,-82.5171,anonymous,EN,1,1,2,1,2,1,one one,6,1,,5,,,were women.,5ee3c01c7247c006e9a3f4fd
2026-05-15 14:03:24,2026-05-15 14:04:58,0,65.207.124.1,100,94,1,2026-05-15 14:04:59,R_5EnAlE3WoxONnI2,,,,,37.5503,-77.3942,anonymous,EN,1,2,2,1,2,1,one one,4,1,,5,,,were under 50 years old.,5ab550836db3e700011be9fc
2026-05-15 14:03:52,2026-05-15 14:05:02,0,108.18.226.232,100,70,1,2026-05-15 14:05:02,R_7aXfw1CuJJ9s0tM,,,,,38.7332,-77.5495,anonymous,EN,1,1,2,1,2,1,one one,2,2,,2,,,were under 50 years old.,5ee6706034f12e3d82d952aa
2026-05-15 14:03:26,2026-05-15 14:05:06,0,98.172.231.76,100,99,1,2026-05-15 14:05:06,R_6LMsLLAPoNxMKmD,,,,,36.3227,-95.5976,anonymous,EN,1,2,2,1,2,1,one one,6,2,,5,No comment.,,worked at a university.,61fa904ed42cb19beec490d9
2026-05-15 14:02:45,2026-05-15 14:05:06,0,174.203.33.135,100,140,1,2026-05-15 14:05:06,R_30ePOHeLAmgelEZ,,,,,30.2791,-89.7679,anonymous,EN,1,2,2,1,2,1,one one,2,1,,5,,,were based on the West Coast of the United States.,5d45e9143c5a360019b1bd3c
2026-05-15 14:03:58,2026-05-15 14:05:07,0,47.42.93.141,100,69,1,2026-05-15 14:05:08,R_1isB6yUS6O8lLYW,,,,,32.8619,-97.3427,anonymous,EN,1,1,2,1,2,1,one one,6,1,,5,,,were under 50 years old.,62b2132a781ad15631672d81
2026-05-15 14:03:46,2026-05-15 14:05:11,0,76.184.163.178,100,85,1,2026-05-15 14:05:12,R_5zM0Kehrm6k0eZj,,,,,30.0664,-94.1766,anonymous,EN,1,2,2,1,2,1,one one,8,2,,3,,,were women.,6960093822d0814296c76e99
2026-05-15 14:03:44,2026-05-15 14:05:11,0,98.117.161.151,100,87,1,2026-05-15 14:05:12,R_70iowyiWGEpCSmU,,,,,42.7863,-78.8295,anonymous,EN,1,2,2,1,2,1,one one,6,1,,5,,,were based on the West Coast of the United States.,5c661b3eb1b0080001bfb2c4
2026-05-15 14:03:39,2026-05-15 14:05:15,0,68.69.242.31,100,95,1,2026-05-15 14:05:16,R_6Jfy0LELDNIRpYo,,,,,46.795,-96.8335,anonymous,EN,1,2,2,1,2,1,one one,7,1,,5,,,were under 50 years old.,5ab43d0af5918d00012e98c5
2026-05-15 14:03:16,2026-05-15 14:05:15,0,172.56.216.69,100,119,1,2026-05-15 14:05:16,R_7V1oIPpeEzYPQoK,,,,,40.0345,-75.1193,anonymous,EN,1,2,2,1,2,1,one one,8,1,,5,Thank you for the opportunity to contribute!,,worked at a university.,699277208f852cd2e2a15e5c
2026-05-15 14:03:51,2026-05-15 14:05:16,0,74.76.183.141,100,85,1,2026-05-15 14:05:17,R_5d0TTHtcM3fF8As,,,,,42.6552,-73.802,anonymous,EN,1,2,2,1,2,1,one one,7,1,,5,,,worked at a university.,55885869fdf99b4020ba0b64
2026-05-15 14:02:53,2026-05-15 14:05:19,0,153.66.101.127,100,145,1,2026-05-15 14:05:19,R_6a9sllIDk0jKAwn,,,,,36.1671,-86.7861,anonymous,EN,1,1,2,1,2,1,one one,2,1,,5,,,worked at a university.,60fb26e75427cb8125f2e4a4
2026-05-15 14:03:30,2026-05-15 14:05:20,0,100.34.46.182,100,110,1,2026-05-15 14:05:21,R_5VL3PW2EZNI7EQq,,,,,40.1519,-74.8347,anonymous,EN,1,2,2,1,2,1,one one,1,1,,5,,,were based on the West Coast of the United States.,5d90c4fadf90b6001549561e
2026-05-15 14:03:57,2026-05-15 14:05:25,0,74.137.237.234,100,88,1,2026-05-15 14:05:26,R_7Bxqfmhk80SRhPf,,,,,39.4522,-83.841,anonymous,EN,1,1,2,1,2,1,one one,4,2,,5,,,worked at a university.,5d951ede9b6f880018f63b6e
2026-05-15 14:03:45,2026-05-15 14:05:26,0,73.30.187.154,100,100,1,2026-05-15 14:05:26,R_1AGQrX49e4U6QXo,,,,,40.0356,-75.1763,anonymous,EN,1,2,2,1,2,1,one one,8,2,,2,,,worked at a university.,566a19b57da035000fb39b89
2026-05-15 14:04:06,2026-05-15 14:05:30,0,69.245.3.81,100,83,1,2026-05-15 14:05:30,R_7lG5Gp9bgE4ahKG,,,,,36.3834,-86.4512,anonymous,EN,1,2,2,1,2,1,one one,4,2,,4,,,were women.,69d02e4ed3be9a964f1921d2
2026-05-15 14:03:55,2026-05-15 14:05:31,0,69.142.3.0,100,95,1,2026-05-15 14:05:31,R_7KU9qV8u8ptYCit,,,,,39.9289,-74.1336,anonymous,EN,1,2,2,1,2,1,one one,3,1,,3,,,worked at a university.,6643cbd6903cfc9bd5d0be09
2026-05-15 14:03:53,2026-05-15 14:05:32,0,68.224.111.189,100,98,1,2026-05-15 14:05:33,R_6q7tJHQ0DjznL0j,,,,,36.0586,-115.0803,anonymous,EN,1,1,2,1,2,1,one one,1,1,,5,,,were women.,5e16bce18dffa0c6f76cda9b
2026-05-15 14:04:07,2026-05-15 14:05:33,0,136.56.104.173,100,85,1,2026-05-15 14:05:33,R_6hNP1m8A2KBna4p,,,,,35.961,-78.9291,anonymous,EN,1,2,2,1,2,1,one one,8,1,,2,n/a,,were based on the West Coast of the United States.,6730214557beb89aa16e74c2
2026-05-15 14:04:15,2026-05-15 14:05:34,0,66.222.34.118,100,79,1,2026-05-15 14:05:34,R_3V1rzwaXAZ7FGGC,,,,,39.1893,-83.9446,anonymous,EN,1,2,2,1,2,1,one one,6,1,,5,,,worked at a university.,5f402eb4fbd8df145068b805
2026-05-15 14:04:05,2026-05-15 14:05:47,0,104.220.204.203,100,101,1,2026-05-15 14:05:47,R_77vZ6EMKi9Al6rK,,,,,38.6829,-121.7969,anonymous,EN,1,2,2,1,2,1,one one,4,3,,5,,,worked at a university.,5e442f49c663cd2c113c472b
2026-05-15 14:04:03,2026-05-15 14:05:55,0,76.176.225.59,100,111,1,2026-05-15 14:05:55,R_7znO3Y5Jweb1Dzj,,,,,33.8225,-118.3103,anonymous,EN,1,1,2,1,2,1,one one,1,2,,2,,,were women.,675758f40df8b09c8aa98ad0
2026-05-15 14:05:02,2026-05-15 14:05:55,0,174.51.176.49,100,53,1,2026-05-15 14:05:56,R_1jZjGiyBLgx7iT6,,,,,38.9671,-104.7199,anonymous,EN,1,1,2,1,2,1,one one,8,2,,5,,,worked at a university.,663cd6d8f9a8212bfd6e70a4
2026-05-15 14:04:42,2026-05-15 14:05:56,0,108.69.89.38,100,74,1,2026-05-15 14:05:57,R_6JvpUOWEJqRIhup,,,,,34.0515,-84.0713,anonymous,EN,1,2,2,1,2,1,one one,2,1,,2,,,were based on the West Coast of the United States.,5b16e1a5457ace0001b40d46
2026-05-15 14:04:55,2026-05-15 14:05:57,0,76.151.128.182,100,62,1,2026-05-15 14:05:58,R_1nIyftJ7dI93ZPc,,,,,39.3407,-76.6753,anonymous,EN,1,2,2,1,2,1,one one,4,2,,5,,,were women.,66b2c5af02db82fc0cc8b4ee
2026-05-15 14:03:35,2026-05-15 14:05:59,0,24.192.226.169,100,144,1,2026-05-15 14:06:00,R_7Hn8XKafzZHZq37,,,,,42.2431,-84.753,anonymous,EN,1,2,2,1,2,1,one one,1,1,,5,,,were women.,691e376dcd6e82882b5f5a3f
2026-05-15 14:03:01,2026-05-15 14:06:01,0,199.247.68.185,100,180,1,2026-05-15 14:06:01,R_6ZNqaZYR23F9xWp,,,,,42.6358,-95.2025,anonymous,EN,1,2,2,1,2,1,one one,6,1,,5,,,were based on the West Coast of the United States.,5ba10ee370181f00014992fa
2026-05-15 14:04:56,2026-05-15 14:06:06,0,97.89.152.138,100,69,1,2026-05-15 14:06:06,R_6NXzyjw9HzqHPvr,,,,,35.5386,-82.7038,anonymous,EN,1,1,2,1,2,1,one one,1,2,,5,,,were women.,610ccf09b1b0759b2668ded1
2026-05-15 14:04:55,2026-05-15 14:06:09,0,24.180.193.109,100,74,1,2026-05-15 14:06:10,R_1qmPgKA88z1QhYd,,,,,42.9698,-85.9212,anonymous,EN,1,2,2,1,2,1,one one,7,2,,5,,,worked at a university.,645179915e31c1aeb3dc8129
2026-05-15 14:05:16,2026-05-15 14:06:10,0,174.97.217.161,100,54,1,2026-05-15 14:06:11,R_6MrkDIu48NnpY06,,,,,39.8894,-84.1974,anonymous,EN,1,2,2,1,2,1,one one,4,1,,5,,,were under 50 years old.,62740f4f578f0114e649016d
2026-05-15 14:03:37,2026-05-15 14:06:13,0,67.173.98.134,100,155,1,2026-05-15 14:06:14,R_7HRpGz2DDVxJrGN,,,,,40.0746,-88.1691,anonymous,EN,1,1,2,1,2,1,one one,3,1,,5,,,were based on the West Coast of the United States.,6987a51b4cd260c9d06ef847
2026-05-15 14:05:06,2026-05-15 14:06:14,0,47.155.141.153,100,67,1,2026-05-15 14:06:14,R_1iikJJBpa0l7MIh,,,,,33.784,-118.1854,anonymous,EN,1,2,2,1,2,1,one one,1,2,,2,,,were women.,6667dbd3d056e51225c6522f
2026-05-15 14:05:09,2026-05-15 14:06:14,0,76.32.113.146,100,64,1,2026-05-15 14:06:14,R_3My8p877A6VqkFP,,,,,34.0672,-118.3016,anonymous,EN,1,1,2,1,2,1,one one,3,1,,5,,,were under 50 years old.,66293ae63c9cc1e48e88d67c
2026-05-15 14:06:01,2026-05-15 14:06:29,0,73.61.42.114,100,27,1,2026-05-15 14:06:29,R_1jePooxLaLFXj2E,,,,,43.0697,-70.958,anonymous,EN,1,2,2,1,2,1,52,,,,,,,,65c0ed76e2e195876cfd9b74
2026-05-15 14:04:44,2026-05-15 14:06:32,0,71.199.85.91,100,108,1,2026-05-15 14:06:33,R_1jZi1GDnTou2gmR,,,,,30.2183,-81.5621,anonymous,EN,1,1,2,1,2,1,one one,1,2,,5,Thanks for the opportunity,,were based on the West Coast of the United States.,6777d289f3eaa43bfd9c878c
2026-05-15 14:03:21,2026-05-15 14:06:35,0,68.55.111.120,100,194,1,2026-05-15 14:06:36,R_6HYdIikeVLSfwjI,,,,,42.4933,-83.135,anonymous,EN,1,2,2,1,2,1,one one,4,1,,2,,,were women.,66cd3c7227a5bb57f0d5c08e
2026-05-15 14:03:16,2026-05-15 14:06:36,0,73.106.44.195,100,199,1,2026-05-15 14:06:36,R_5BPLk4zSt3T5vmz,,,,,33.553,-84.2338,anonymous,EN,1,2,2,1,2,1,one one,2,1,,3,none,,were under 50 years old.,64d5067b6cbee9de481d773b
2026-05-15 14:02:57,2026-05-15 14:06:36,0,24.192.168.134,100,218,1,2026-05-15 14:06:36,R_31aNt6n32qxqOlb,,,,,42.5538,-82.9185,anonymous,EN,1,2,2,1,2,1,one one,1,2,,5,I did not experience any technical difficulties while taking this survey and I do not think that anything about this survey needs to be changed in any way.,,were under 50 years old.,62d43cee3d60ac98c1dcacc8
2026-05-15 14:04:17,2026-05-15 14:06:38,0,173.161.213.245,100,141,1,2026-05-15 14:06:38,R_6R3IWesVlRM6hyu,,,,,39.9597,-75.1995,anonymous,EN,1,2,2,1,2,1,one one,3,1,,5,,,were under 50 years old.,60ee4bb7de4352af0286e091
2026-05-15 14:03:17,2026-05-15 14:06:42,0,162.84.187.2,100,204,1,2026-05-15 14:06:42,R_3cZX0WFtDRfgxfe,,,,,40.6627,-73.9138,anonymous,EN,1,2,2,1,2,1,one one,1,2,,3,,,were under 50 years old.,63f82a4ff43ec144ca3622a8
2026-05-15 14:04:42,2026-05-15 14:06:54,0,73.122.229.38,100,131,1,2026-05-15 14:06:54,R_30yqsMms4A2qxSF,,,,,33.7224,-84.5205,anonymous,EN,1,1,2,1,2,1,one one,4,2,,3,,,were based on the West Coast of the United States.,652fcdc57cc2ae3b4731184b
2026-05-15 14:05:36,2026-05-15 14:06:55,0,174.174.167.125,100,78,1,2026-05-15 14:06:55,R_53fRJPGyOVEl50h,,,,,42.4638,-83.1015,anonymous,EN,1,2,2,1,2,1,one one,3,2,,5,Nothing further to add at this time,,were based on the West Coast of the United States.,6683077da96221a925f683dd
2026-05-15 14:05:02,2026-05-15 14:06:57,0,24.184.118.118,100,114,1,2026-05-15 14:06:58,R_125dAWTfN6FfsYQ,,,,,40.6513,-74.1879,anonymous,EN,1,2,2,1,2,1,one one,3,2,,4,"Great survey, more of these would be great, thanks.",,were women.,5dd4c20186c8864a376f7480
2026-05-15 14:05:47,2026-05-15 14:06:59,0,70.188.0.143,100,72,1,2026-05-15 14:07:00,R_5AT3Khu47Bigill,,,,,37.3441,-79.8974,anonymous,EN,1,1,2,1,2,1,one one,4,2,,5,,,were under 50 years old.,66d520dcb283ff12eb99344b
2026-05-15 14:05:14,2026-05-15 14:07:02,0,108.194.139.172,100,108,1,2026-05-15 14:07:02,R_3q4wskmN9BLX1Tp,,,,,42.8984,-85.7223,anonymous,EN,1,1,2,1,2,1,one one,6,2,,5,It went well!,,were under 50 years old.,59f62ab95ac99000018b03b5
2026-05-15 14:03:50,2026-05-15 14:07:06,0,97.190.215.144,100,196,1,2026-05-15 14:07:06,R_6JWNwScjz6Kzqjj,,,,,33.8789,-117.5353,anonymous,EN,1,2,2,1,2,1,one one,2,2,,3,,,were under 50 years old.,5eb15429b3b24804a0bbd6c3
2026-05-15 14:05:41,2026-05-15 14:07:06,0,128.239.136.178,100,85,1,2026-05-15 14:07:07,R_1QlvmeIOdhFGEAF,,,,,37.2731,-76.7279,anonymous,EN,1,2,2,1,2,1,one one,4,2,,5,,,were women.,592f1db78ad1ae0001937983
2026-05-15 14:04:33,2026-05-15 14:07:08,0,174.198.200.232,100,154,1,2026-05-15 14:07:08,R_67PSVndKf7Wb5hT,,,,,39.9486,-75.2339,anonymous,EN,1,1,2,1,2,1,one one,2,1,,5,Nothing that I can think of.  Go Quakers!,,were based on the West Coast of the United States.,67902635a20315fcc7ff5c43
2026-05-15 14:05:23,2026-05-15 14:07:09,0,24.236.185.16,100,105,1,2026-05-15 14:07:09,R_17CB52CfL3AVGYD,,,,,42.0023,-83.3085,anonymous,EN,1,1,2,1,2,1,one one,4,2,,5,,,were based on the West Coast of the United States.,5d6920acf59886000119e73e
2026-05-15 14:05:39,2026-05-15 14:07:10,0,67.176.24.175,100,90,1,2026-05-15 14:07:10,R_662GTbxliInaR0t,,,,,39.9422,-104.7854,anonymous,EN,1,2,2,1,2,1,one one,3,2,,4,,,were women.,575aee8152c3fe00091a6252
2026-05-15 14:05:48,2026-05-15 14:07:13,0,75.73.70.193,100,85,1,2026-05-15 14:07:14,R_5YfX1jhBc1yWMnW,,,,,44.9174,-92.9478,anonymous,EN,1,2,2,1,2,1,one one,1,2,,5,,,were under 50 years old.,5a9ac3061eda410001366658
2026-05-15 14:04:54,2026-05-15 14:07:16,0,75.62.84.116,100,141,1,2026-05-15 14:07:16,R_6kdoM0MXCkzgLpo,,,,,33.3792,-86.6969,anonymous,EN,1,1,2,1,2,1,one one,6,1,,5,,,worked at a university.,615e420a23219efe3427a367
2026-05-15 14:05:53,2026-05-15 14:07:22,0,73.141.115.32,100,89,1,2026-05-15 14:07:22,R_5POYJpxfgnXAXD3,,,,,39.8845,-75.3106,anonymous,EN,1,2,2,1,2,1,one one,4,2,,5,,,were based on the West Coast of the United States.,5de92feac16a6b000e8add98
2026-05-15 14:05:09,2026-05-15 14:07:22,0,68.41.133.181,100,133,1,2026-05-15 14:07:23,R_3jebAQ0V8fg2A57,,,,,42.5003,-83.2907,anonymous,EN,1,1,2,1,2,1,one one,1,2,,3,,,were women.,695faffc1c520509cbca165d
2026-05-15 14:06:14,2026-05-15 14:07:28,0,38.212.58.70,100,73,1,2026-05-15 14:07:28,R_3QfSYBrP7bcJf2H,,,,,38.5773,-92.2443,anonymous,EN,1,1,2,1,2,1,one one,8,3,,5,,,were women.,5a7255c8c2eb6c00017e2dcf
2026-05-15 14:04:59,2026-05-15 14:07:32,0,24.2.181.163,100,152,1,2026-05-15 14:07:33,R_6PChzjaSN3CHjdr,,,,,41.2787,-72.5276,anonymous,EN,1,2,2,1,2,1,one one,6,1,,5,,,worked at a university.,65293fa9b73b0edd4fd93b95
2026-05-15 14:04:13,2026-05-15 14:07:32,0,174.175.170.72,100,198,1,2026-05-15 14:07:33,R_1qEIiFLlDVwkEt5,,,,,39.7675,-76.6774,anonymous,EN,1,1,2,1,2,1,one one,7,1,,5,Thanks!,,worked at a university.,5dd41779cc19203f9df2bbe6
2026-05-15 14:06:02,2026-05-15 14:07:37,0,216.97.195.97,100,95,1,2026-05-15 14:07:38,R_1BSkYlSSVyfk6UX,,,,,28.5436,-81.3738,anonymous,EN,1,2,2,1,2,1,one one,7,2,,4,,,were under 50 years old.,5a285307df86d80001455de5
2026-05-15 14:06:06,2026-05-15 14:07:38,0,68.54.150.108,100,92,1,2026-05-15 14:07:38,R_3ayhNxMxlYcIOuk,,,,,39.801,-85.5367,anonymous,EN,1,1,2,1,2,1,one one,1,1,,5,,,were based on the West Coast of the United States.,5ecbe5e254cc883c02f52be8
2026-05-15 14:06:38,2026-05-15 14:07:38,0,199.48.94.96,100,60,1,2026-05-15 14:07:39,R_5Y3x3nemHEHi9OI,,,,,44.0484,-92.4948,anonymous,EN,1,2,2,1,2,1,one one,6,2,,2,none,,were women.,607668ac450fc6e3025a131d
2026-05-15 14:06:31,2026-05-15 14:07:40,0,108.27.129.2,100,68,1,2026-05-15 14:07:40,R_5rJ7EHMtRJsCvhH,,,,,40.5828,-73.9532,anonymous,EN,1,2,2,1,2,1,one one,4,2,,2,,,were based on the West Coast of the United States.,5b4991de56e0140001acb76b
2026-05-15 14:06:32,2026-05-15 14:07:40,0,67.181.186.63,100,68,1,2026-05-15 14:07:41,R_7IW4pIYxxsPNreg,,,,,38.6157,-121.5053,anonymous,EN,1,1,2,1,2,1,one one,6,2,,5,NA,,worked at a university.,695bd4f6bbdb5a636882ce78
2026-05-15 14:06:22,2026-05-15 14:07:40,0,216.25.110.0,100,78,1,2026-05-15 14:07:41,R_50Ub8eElwkSqQYG,,,,,33.0162,-83.5413,anonymous,EN,1,2,2,1,2,1,one one,2,1,,5,,,were under 50 years old.,666efed91a31f3c82021f11d
2026-05-15 14:06:06,2026-05-15 14:07:41,0,38.50.201.116,100,94,1,2026-05-15 14:07:42,R_1iVnN5nhJ09QBhL,,,,,33.5119,-101.9316,anonymous,EN,1,2,2,1,2,1,one one,7,1,,3,,,were under 50 years old.,6640be7edc706d4622dbab1c
2026-05-15 14:06:28,2026-05-15 14:07:47,0,76.49.57.109,100,79,1,2026-05-15 14:07:47,R_70xbfH0Y19U35xS,,,,,36.0217,-79.7839,anonymous,EN,1,1,2,1,2,1,one one,6,2,,3,,,were based on the West Coast of the United States.,66312361cf5d4099e1330532
2026-05-15 14:06:07,2026-05-15 14:07:58,0,69.144.60.218,100,111,1,2026-05-15 14:07:58,R_723UD2LWHt4I7wC,,,,,46.7588,-114.0809,anonymous,EN,1,2,2,1,2,1,one one,4,1,,5,,,were women.,5d75a081a54634000157ab92
2026-05-15 14:06:34,2026-05-15 14:07:59,0,71.227.152.16,100,85,1,2026-05-15 14:07:59,R_7qeW1q9GWsvBCSt,,,,,47.5583,-122.0021,anonymous,EN,1,1,2,1,2,1,one one,7,1,,5,,,were under 50 years old.,65dfbf73ec3a047b5653add8
2026-05-15 14:05:39,2026-05-15 14:08:00,0,98.146.194.160,100,140,1,2026-05-15 14:08:00,R_5odTPxDcPR1uDRL,,,,,46.7314,-117.1733,anonymous,EN,1,1,2,1,2,1,one one,4,1,,5,,,worked at a university.,64b74fc78ad5beabe87e901f
2026-05-15 14:05:02,2026-05-15 14:08:00,0,75.181.150.76,100,177,1,2026-05-15 14:08:00,R_5iPzbqJYzdJ0BW1,,,,,34.9347,-79.7672,anonymous,EN,1,2,2,1,2,1,one one,6,1,,5,,,worked at a university.,5dbd861fbd08a92c5570b2cd
2026-05-15 14:06:09,2026-05-15 14:08:00,0,98.26.34.86,100,110,1,2026-05-15 14:08:01,R_1nBkC4bQwWdTkwy,,,,,36.0229,-78.9464,anonymous,EN,1,1,2,1,2,1,one one,2,2,,5,,,were based on the West Coast of the United States.,58211fc787f6b90001f13f90
2026-05-15 14:06:35,2026-05-15 14:08:01,0,99.148.102.134,100,86,1,2026-05-15 14:08:02,R_3XDXnamfm2UtHeF,,,,,25.6666,-80.4036,anonymous,EN,1,2,2,1,2,1,one one,1,2,,4,,,were based on the West Coast of the United States.,6579d5a22e0a15c71dd52086
2026-05-15 14:06:42,2026-05-15 14:08:00,0,47.7.135.114,100,78,1,2026-05-15 14:08:02,R_7fz6PzfunbggRMZ,,,,,35.8004,-83.883,anonymous,EN,1,2,2,1,2,1,one one,4,2,,5,,,worked at a university.,65c2930167159a6c2d475b73
2026-05-15 14:06:44,2026-05-15 14:08:01,0,73.132.91.7,100,77,1,2026-05-15 14:08:04,R_7O9cwIrnN5ZgEje,,,,,39.3485,-77.382,anonymous,EN,1,1,2,1,2,1,one one,2,1,,5,,,worked at a university.,55ad1d55fdf99b4c8f9941d4
2026-05-15 14:06:08,2026-05-15 14:08:04,0,66.8.146.149,100,116,1,2026-05-15 14:08:05,R_12SgewB3ds9OMmZ,,,,,19.706,-155.0928,anonymous,EN,1,2,2,1,2,1,one one,4,2,,2,,,were based on the West Coast of the United States.,6747715f7dd5676126f55dba
2026-05-15 14:06:54,2026-05-15 14:08:05,0,74.70.47.161,100,70,1,2026-05-15 14:08:06,R_7EfAQoGEtA4x8Ww,,,,,43.2655,-73.5856,anonymous,EN,1,2,2,1,2,1,one one,7,2,,5,,,worked at a university.,6633e281f08a156a04a3379d
2026-05-15 14:06:44,2026-05-15 14:08:06,0,71.185.203.14,100,82,1,2026-05-15 14:08:07,R_7iKXTLJEJ19VvZi,,,,,39.9792,-75.1279,anonymous,EN,1,1,2,1,2,1,one one,6,1,,5,,,were under 50 years old.,613f8fd190ddd9eaf4a229f7
2026-05-15 14:06:35,2026-05-15 14:08:13,0,68.199.82.219,100,97,1,2026-05-15 14:08:13,R_7esexMobUBXFUU0,,,,,40.2197,-74.5939,anonymous,EN,1,1,2,1,2,1,one one,7,2,,2,,,were under 50 years old.,66848b58aa0f411319bda5a6
2026-05-15 14:05:29,2026-05-15 14:08:17,0,76.35.174.157,100,167,1,2026-05-15 14:08:17,R_6KeQRmIp7JoFfg6,,,,,37.8868,-84.5667,anonymous,EN,1,2,2,1,2,1,"""one one""",8,1,,3,,,were women.,671a49f097ed9a0a68519d16
2026-05-15 14:06:30,2026-05-15 14:08:29,0,98.49.207.231,100,118,1,2026-05-15 14:08:29,R_7pB4322DrpzwwrT,,,,,40.296,-75.9894,anonymous,EN,1,2,2,1,2,1,one one,4,1,,5,,,were women.,66439c3bab98bb0158f84946
2026-05-15 14:06:32,2026-05-15 14:08:30,0,71.68.3.76,100,117,1,2026-05-15 14:08:31,R_7bPS7ngtMPEtFSx,,,,,35.2497,-81.1369,anonymous,EN,1,2,2,1,2,1,one one,3,1,,5,,,were under 50 years old.,663e26ccdbc470527165388b
2026-05-15 14:03:43,2026-05-15 14:08:30,0,99.32.80.230,100,287,1,2026-05-15 14:08:31,R_6hL2zfhPHiO7wdW,,,,,32.6192,-97.2735,anonymous,EN,1,1,2,1,2,1,one one,4,2,,4,,,worked at a university.,67d9b924071234387a09f21b
2026-05-15 14:06:38,2026-05-15 14:08:32,0,202.69.155.212,100,113,1,2026-05-15 14:08:32,R_7jWmaBjSJbAP7Pk,,,,,39.9755,-111.7852,anonymous,EN,1,1,2,1,2,1,one one,4,1,,5,,,were women.,55afbe52fdf99b4099d57214
2026-05-15 14:06:50,2026-05-15 14:08:35,0,70.234.78.50,100,104,1,2026-05-15 14:08:35,R_7g85HxK2hi1uULL,,,,,42.9923,-87.9932,anonymous,EN,1,2,2,1,2,1,one one,3,2,,5,,,were women.,65fb0026335c1f3d489ddbe2
2026-05-15 14:03:40,2026-05-15 14:08:35,0,66.181.115.105,100,295,1,2026-05-15 14:08:36,R_5X3d6rnpJWfSnLj,,,,,44.8227,-68.8001,anonymous,EN,1,2,2,1,2,1,one one,1,2,,5,,,were based on the West Coast of the United States.,5c0f500787e876000151fc5f
2026-05-15 14:07:08,2026-05-15 14:08:51,0,71.233.202.109,100,102,1,2026-05-15 14:08:51,R_1PbudhTykIUMuRQ,,,,,42.0829,-70.9349,anonymous,EN,1,1,2,1,2,1,one one,2,2,,5,,,were under 50 years old.,66d65d2d28ff7103f64119cb
2026-05-15 14:04:39,2026-05-15 14:08:58,0,24.112.204.109,100,258,1,2026-05-15 14:08:58,R_6JXzoiUuJ5R0pKe,,,,,40.6265,-80.0559,anonymous,EN,1,1,2,1,2,1,one one,4,2,,5,,,worked at a university.,5c22f28d70d93a0001201738
2026-05-15 14:06:57,2026-05-15 14:08:57,0,76.84.9.95,100,120,1,2026-05-15 14:08:58,R_6Jl5Nauwtma0HhV,,,,,39.0661,-94.6288,anonymous,EN,1,1,2,1,2,1,one one,3,1,,5,,,worked at a university.,69b43b9d76ee607f164315ec
2026-05-15 14:07:25,2026-05-15 14:08:59,0,24.231.140.243,100,93,1,2026-05-15 14:08:59,R_71XYvuLDrnvzALX,,,,,45.8046,-88.0764,anonymous,EN,1,2,2,1,2,1,one one,1,2,,5,n/a,,were based on the West Coast of the United States.,5ecaf0fa5c1f7f6599d959ff
2026-05-15 14:04:14,2026-05-15 14:09:06,0,73.0.19.59,100,292,1,2026-05-15 14:09:06,R_1fuJqooLfbADdxy,,,,,27.2366,-80.2271,anonymous,EN,1,1,2,1,2,1,one one,3,1,,5,,,were under 50 years old.,63d40d346609b5cd9433adb7
2026-05-15 14:07:49,2026-05-15 14:09:08,0,73.52.113.209,100,79,1,2026-05-15 14:09:08,R_1HHx7ucDReTvRwD,,,,,40.0537,-77.5216,anonymous,EN,1,2,2,1,2,1,one one,7,1,,5,,,were based on the West Coast of the United States.,63b6be87ead45e4fa772fbf5
2026-05-15 14:07:59,2026-05-15 14:09:09,0,71.30.242.138,100,70,1,2026-05-15 14:09:10,R_3c6ovWIX4EjeBUJ,,,,,35.4155,-80.6143,anonymous,EN,1,2,2,1,2,1,one one,3,2,,5,,,were under 50 years old.,699ca1d819e8b3d00305124c
2026-05-15 14:06:58,2026-05-15 14:09:12,0,66.191.205.109,100,134,1,2026-05-15 14:09:12,R_7hFxjRQ8cxkUniQ,,,,,34.9334,-81.9689,anonymous,EN,1,2,2,1,2,1,"""one one""",3,1,,5,,,worked at a university.,5cd1a619240bc80013310b4e
2026-05-15 14:07:56,2026-05-15 14:09:13,0,47.210.120.165,100,77,1,2026-05-15 14:09:13,R_7R8CfRNkWTGxvlM,,,,,32.4846,-93.6779,anonymous,EN,1,2,2,1,2,1,one one,4,2,,3,n/a,,were based on the West Coast of the United States.,5fd67cce91f9895969c0edee
2026-05-15 14:06:29,2026-05-15 14:09:15,0,71.91.152.211,100,166,1,2026-05-15 14:09:15,R_7Dqz5IBV4DGOX9f,,,,,30.4944,-92.4176,anonymous,EN,1,2,2,1,2,1,one one,4,1,,3,N/A,,were under 50 years old.,5bc731d935b90f0001431bde
2026-05-15 14:06:10,2026-05-15 14:09:16,0,73.36.159.184,100,186,1,2026-05-15 14:09:16,R_11puMHm4ohi2NeA,,,,,41.9928,-87.8054,anonymous,EN,1,2,2,1,2,1,one one,1,1,,5,none thank you,,were based on the West Coast of the United States.,5f285dc5b09b3715fa20a14c
2026-05-15 14:07:49,2026-05-15 14:09:17,0,174.233.236.41,100,87,1,2026-05-15 14:09:18,R_7aRCMEXXrilN04F,,,,,34.043,-117.7556,anonymous,EN,1,1,2,1,2,1,one one,4,2,,2,,,were women.,69d511233ae967b71f76a031
2026-05-15 14:06:56,2026-05-15 14:09:26,0,73.98.186.85,100,149,1,2026-05-15 14:09:26,R_7l2MPhzZNMizy9j,,,,,41.7468,-111.8268,anonymous,EN,1,2,2,1,2,1,one one,3,1,,5,"It seems these days practical experience is more important than a university education, especially as the quality of higher ed has gone down so much.",,worked at a university.,6985d2c030e6415f9dc00e00
2026-05-15 14:08:30,2026-05-15 14:09:29,0,107.219.128.223,100,59,1,2026-05-15 14:09:30,R_1JQKj2wWqoO0kBb,,,,,40.0818,-82.9665,anonymous,EN,1,2,2,1,2,1,one one,2,2,,5,,,were under 50 years old.,5ed17f22e1dc340c98fd6bc7
2026-05-15 14:08:05,2026-05-15 14:09:30,0,108.28.201.31,100,85,1,2026-05-15 14:09:30,R_7ik7sISeu9JvBDD,,,,,39.0095,-76.9846,anonymous,EN,1,2,2,1,2,1,one one,6,2,,4,,,were under 50 years old.,6287f4819c5fc8c4d48cc885
2026-05-15 14:08:38,2026-05-15 14:09:47,0,23.84.82.69,100,68,1,2026-05-15 14:09:48,R_1jGP1jkopmFly5C,,,,,38.4321,-90.3896,anonymous,EN,1,2,2,1,2,1,one one,6,1,,5,,,were based on the West Coast of the United States.,62e02660c3ef175825ab7655
2026-05-15 14:07:25,2026-05-15 14:09:50,0,69.246.73.116,100,145,1,2026-05-15 14:09:51,R_3lo9c8jvKTmLWYp,,,,,35.0875,-89.7639,anonymous,EN,1,2,2,1,2,1,"""one one""",6,1,,5,,,were women.,60a7c4434b322876925afaa3
2026-05-15 14:08:37,2026-05-15 14:10:00,0,76.221.209.152,100,82,1,2026-05-15 14:10:00,R_3v9dCPs3U2w7Vnj,,,,,42.2967,-85.2066,anonymous,EN,1,2,2,1,2,1,one one,4,3,,2,,,were women.,5d617ba9364f9a0019f1dac3
2026-05-15 14:08:23,2026-05-15 14:10:03,0,192.82.0.201,100,100,1,2026-05-15 14:10:03,R_3t7Qu9OunDQghrz,,,,,42.2095,-85.7845,anonymous,EN,1,2,2,1,2,1,one one,1,2,,5,,,were based on the West Coast of the United States.,63bd9ac0dc52225142c5b1d4
2026-05-15 14:05:53,2026-05-15 14:10:11,0,68.49.115.190,100,257,1,2026-05-15 14:10:11,R_7DDcJaCDLuFzkKP,,,,,42.2022,-83.1992,anonymous,EN,1,1,2,1,2,1,one one,6,2,,5,none,,worked at a university.,5b91dc16cc81a400017a3438
2026-05-15 14:06:10,2026-05-15 14:10:11,0,113.20.52.216,100,241,1,2026-05-15 14:10:12,R_3HzPTnrlgsBWbyG,,,,,39.0814,-77.6443,anonymous,EN,1,1,2,1,2,1,one one,7,2,,3,It was okay,,were women.,67b8ac4a64ff597388f3fcc1
2026-05-15 14:09:03,2026-05-15 14:10:18,0,174.49.39.180,100,74,1,2026-05-15 14:10:19,R_72qyhp0u57MXyXT,,,,,36.1868,-86.5067,anonymous,EN,1,2,2,1,2,1,one one,6,1,,5,,,worked at a university.,69c13c0ad9ea03501703d527
2026-05-15 14:07:15,2026-05-15 14:10:24,0,173.168.192.128,100,189,1,2026-05-15 14:10:24,R_7nf645Y9dPRH7ht,,,,,27.959,-82.4938,anonymous,EN,1,2,2,1,2,1,one one,2,2,,5,,,worked at a university.,65c3ddb1c2246b18d820a056
2026-05-15 14:08:27,2026-05-15 14:10:25,0,68.47.34.255,100,118,1,2026-05-15 14:10:25,R_71FLlcDWHI3uyg9,,,,,44.8696,-93.3266,anonymous,EN,1,2,2,1,2,1,one one,6,2,,5,,,were under 50 years old.,695fd1e745d92f81ea2537e1
2026-05-15 14:06:36,2026-05-15 14:10:26,0,172.59.219.2,100,230,1,2026-05-15 14:10:26,R_3EG9Egjz6A2ZCLm,,,,,34.9334,-81.9689,anonymous,EN,1,2,2,1,2,1,"""one one""",2,1,,5,,,were based on the West Coast of the United States.,677dc8b2a9160d395ca7e008
2026-05-15 14:07:38,2026-05-15 14:10:34,0,68.41.81.40,100,175,1,2026-05-15 14:10:35,R_70UIORbYXqWL0N0,,,,,42.4257,-83.1522,anonymous,EN,1,2,2,1,2,1,one one,1,2,,5,,,were based on the West Coast of the United States.,64da2707c3e6642220490de0
2026-05-15 14:09:23,2026-05-15 14:10:36,0,24.152.225.120,100,73,1,2026-05-15 14:10:36,R_7CKCh7fSlfnSFqQ,,,,,41.177,-75.418,anonymous,EN,2,2,2,1,2,1,one one,3,2,,2,,,were based on the West Coast of the United States.,67164c92298409e37c670b3d
2026-05-15 14:08:50,2026-05-15 14:10:39,0,75.87.205.121,100,109,1,2026-05-15 14:10:39,R_7FVVYSTlBVRakrk,,,,,44.3456,-88.4343,anonymous,EN,1,1,2,1,2,1,one one,6,1,,5,,,were women.,6429ffe11a9806a9a95ad072
2026-05-15 14:08:47,2026-05-15 14:10:47,0,98.122.138.126,100,119,1,2026-05-15 14:10:47,R_3r7VuUOFNZnuJYS,,,,,34.6977,-79.8834,anonymous,EN,1,2,2,1,2,1,one one,7,1,,5,,,worked at a university.,5d1a611734f57200164d4cd5
2026-05-15 14:08:24,2026-05-15 14:10:47,0,166.137.175.4,100,143,1,2026-05-15 14:10:48,R_7o5pxF0GYYncXQ7,,,,,40.7399,-74.1691,anonymous,EN,1,1,2,1,2,1,one one,8,2,,5,,,were under 50 years old.,69838c967c78c6ef18426fba
2026-05-15 14:09:15,2026-05-15 14:10:48,0,66.33.12.63,100,92,1,2026-05-15 14:10:49,R_1rwpeXKDrmYieFj,,,,,38.2366,-104.6593,anonymous,EN,1,1,2,1,2,1,one one,4,2,,5,,,were under 50 years old.,69b8559d11600108f1cfa6b4
2026-05-15 14:09:09,2026-05-15 14:10:49,0,184.59.184.90,100,100,1,2026-05-15 14:10:50,R_1PdjIay8hIVZwch,,,,,40.825,-81.3398,anonymous,EN,1,2,2,1,2,1,one one,6,2,,5,,,were under 50 years old.,65b537602cf1fbd4f77c7909
2026-05-15 14:05:26,2026-05-15 14:10:52,0,98.21.211.86,100,326,1,2026-05-15 14:10:52,R_6oQ3rXq2dNOMc2B,,,,,34.879,-83.992,anonymous,EN,1,2,2,1,2,1,"""one one""",4,1,,5,,,worked at a university.,61bb392e40db417c1a138dcb
2026-05-15 14:08:51,2026-05-15 14:10:53,0,207.113.243.26,100,122,1,2026-05-15 14:10:53,R_5C4lcvKGcbiA1MN,,,,,41.5859,-88.9089,anonymous,EN,1,2,2,1,2,1,one one,4,2,,5,None,,worked at a university.,5dd3e3cd5daaa63c5fdb7bb8
2026-05-15 14:09:36,2026-05-15 14:10:53,0,72.224.205.189,100,76,1,2026-05-15 14:10:53,R_5DNBLYPu6qPoCRu,,,,,43.0908,-77.4348,anonymous,EN,1,1,2,1,2,1,one one,3,2,,5,,,were based on the West Coast of the United States.,663139cbb8723d403f4e7fc8
2026-05-15 14:08:59,2026-05-15 14:10:58,0,71.255.93.192,100,118,1,2026-05-15 14:10:58,R_3TTDAObcGORk8Hn,,,,,40.0031,-74.2263,anonymous,EN,1,2,2,1,2,1,one one,4,2,,5,,,were based on the West Coast of the United States.,5ce42b3454e33d001918923a
2026-05-15 14:09:02,2026-05-15 14:10:58,0,68.184.103.27,100,116,1,2026-05-15 14:10:59,R_6ExQfXRzYUcs4ed,,,,,34.3543,-83.8898,anonymous,EN,1,1,2,1,2,1,one one,7,2,,4,,,worked at a university.,6630f0dc60e431bb28ab7e31
2026-05-15 14:09:36,2026-05-15 14:11:00,0,99.60.180.55,100,84,1,2026-05-15 14:11:02,R_7n5tEidZRIIJpiV,,,,,33.9075,-117.7866,anonymous,EN,1,1,2,1,2,1,one one,4,2,,5,,,were women.,5d47abcc2dc88900166f27c9
2026-05-15 14:09:37,2026-05-15 14:11:10,0,47.40.130.84,100,93,1,2026-05-15 14:11:10,R_3rOjDpWsPrR04Md,,,,,42.8125,-86.1416,anonymous,EN,1,2,2,1,2,1,one one,3,2,,5,,,were under 50 years old.,5ab3fc4b5f01000001cb07e2
2026-05-15 14:09:57,2026-05-15 14:11:10,0,138.207.150.78,100,72,1,2026-05-15 14:11:10,R_7MQmCLeO9RgSNN4,,,,,25.7873,-80.1564,anonymous,EN,1,1,2,1,2,1,one one,1,2,,2,,,were women.,5e0815b567f170172799e072
2026-05-15 14:08:55,2026-05-15 14:11:12,0,66.177.28.249,100,136,1,2026-05-15 14:11:13,R_5TrK8h2Wf9TTa0h,,,,,30.2851,-81.8217,anonymous,EN,1,2,2,1,2,1,one one,2,2,,5,,,were based on the West Coast of the United States.,67794d9c602cb30aad2a4993
2026-05-15 14:09:32,2026-05-15 14:11:16,0,147.185.102.184,100,104,1,2026-05-15 14:11:17,R_1kGiQsB9QCnxKwf,,,,,45.5793,-95.9193,anonymous,EN,1,1,2,1,2,1,one one,6,1,,5,,,worked at a university.,5ea974ce007217052a763022
2026-05-15 14:07:04,2026-05-15 14:11:25,0,47.206.56.190,100,261,1,2026-05-15 14:11:26,R_7FghRc20KAZ6iht,,,,,28.2137,-82.6809,anonymous,EN,1,2,2,1,2,1,one one,3,2,,5,,,were women.,5dcc9ee9b4cc7892cce47c45
2026-05-15 14:10:43,2026-05-15 14:11:28,0,66.71.56.224,100,44,1,2026-05-15 14:11:28,R_1nqGnIJjz6Ryai8,,,,,40.6657,-75.3364,anonymous,EN,1,2,2,1,2,1,one one,6,2,,5,,,worked at a university.,69694b768ee3e560544826a7
2026-05-15 14:03:32,2026-05-15 14:11:29,0,98.4.75.226,100,476,1,2026-05-15 14:11:30,R_3m2cQ4RWiytHHNi,,,,,43.093,-78.9635,anonymous,EN,1,2,2,1,2,1,one one,4,2,,5,,,were women.,69a737fad559237dd2805872
2026-05-15 14:09:34,2026-05-15 14:11:29,0,74.88.184.15,100,115,1,2026-05-15 14:11:30,R_61vbSv5HmRdJa4y,,,,,40.8687,-73.0015,anonymous,EN,1,2,2,1,2,1,one one,2,1,,4,,,worked at a university.,66045682d629a940764580ed
2026-05-15 14:06:06,2026-05-15 14:11:33,0,38.178.72.252,100,326,1,2026-05-15 14:11:33,R_5FRBFYrc6XVSzoR,,,,,33.7485,-84.3871,anonymous,EN,1,2,2,1,2,1,one one,7,1,,5,,,were women.,663bc254f4b7b1bf2cdd0a70
2026-05-15 14:09:55,2026-05-15 14:11:34,0,67.141.73.209,100,99,1,2026-05-15 14:11:35,R_7cZZFe0j5hP44zH,,,,,31.7246,-96.1653,anonymous,EN,1,1,2,1,2,1,one one,2,2,,5,,,were under 50 years old.,6724eda4ec6f7b44f4406acf
2026-05-15 14:10:16,2026-05-15 14:11:36,0,35.135.252.32,100,79,1,2026-05-15 14:11:36,R_7IDaCkjseInnvP3,,,,,30.0523,-95.3707,anonymous,EN,1,1,2,1,2,1,one one,4,2,,5,,,were under 50 years old.,60ff1017a8112977636bed16
2026-05-15 14:09:41,2026-05-15 14:11:40,0,68.9.39.117,100,119,1,2026-05-15 14:11:40,R_1scX1wi5WEeASGB,,,,,41.6047,-72.8813,anonymous,EN,1,1,2,1,2,1,one one,4,1,,5,,,were women.,57509b61d6edf00006ff7fcb
2026-05-15 14:09:40,2026-05-15 14:11:43,0,99.29.61.109,100,122,1,2026-05-15 14:11:43,R_7PZwBslQV1mO03e,,,,,37.9895,-121.8023,anonymous,EN,1,2,2,1,2,1,one one,8,1,,5,,,were based on the West Coast of the United States.,681956cc835cc0d092ab1775
2026-05-15 14:08:58,2026-05-15 14:11:51,0,71.169.139.77,100,173,1,2026-05-15 14:11:52,R_5EogHZGiOGct4Dl,,,,,43.322,-70.5809,anonymous,EN,1,2,2,1,2,1,one one,3,2,,5,,,were women.,5ff591cba89e1b000bfb9852
2026-05-15 14:10:59,2026-05-15 14:11:52,0,24.0.104.66,100,53,1,2026-05-15 14:11:52,R_7X4ptrde71yYYfv,,,,,39.9242,-75.0193,anonymous,EN,1,2,2,1,2,1,one one,7,2,,5,,,were under 50 years old.,56157e827ffc8a0005812ae9
2026-05-15 14:10:54,2026-05-15 14:11:56,0,98.193.183.41,100,62,1,2026-05-15 14:11:57,R_7w31p4u8ZkDE6zf,,,,,36.3066,-86.6101,anonymous,EN,1,1,2,1,2,1,one one,2,2,,5,,,were women.,69431c6b6a827029bd4361ac
2026-05-15 14:10:45,2026-05-15 14:11:57,0,162.219.113.128,100,71,1,2026-05-15 14:11:57,R_7McDesqwvxUFSyu,,,,,35.9546,-91.5447,anonymous,EN,1,2,2,1,2,1,one one,3,1,,5,,,worked at a university.,5de5538f8fde1c4dbc951498
2026-05-15 14:10:39,2026-05-15 14:12:02,0,173.63.215.48,100,83,1,2026-05-15 14:12:03,R_7QK9HvpG0YvViZq,,,,,40.8548,-74.0284,anonymous,EN,1,2,2,1,2,1,one one,3,2,,5,,,were based on the West Coast of the United States.,63e630188c3e4ac4a92b1ff5
2026-05-15 14:08:50,2026-05-15 14:12:04,0,69.119.116.28,100,193,1,2026-05-15 14:12:04,R_5G1YCd6srRX8DOc,,,,,40.9238,-73.9989,anonymous,EN,1,2,2,1,2,1,one one,2,1,,5,,,worked at a university.,5fd9ad6dab00c64c8a45c9fc
2026-05-15 14:11:05,2026-05-15 14:12:04,0,172.87.18.12,100,58,1,2026-05-15 14:12:04,R_6o89sUMKY2FK2Y5,,,,,39.5992,-86.13,anonymous,EN,1,2,2,1,2,1,one one,1,2,,5,,,were based on the West Coast of the United States.,697a338f650d731fc1e81fff
2026-05-15 14:11:06,2026-05-15 14:12:08,0,24.118.89.132,100,61,1,2026-05-15 14:12:08,R_5jlXOyNcYTROwdb,,,,,45.0648,-92.8466,anonymous,EN,1,1,2,1,2,1,one one,6,1,,2,,,worked at a university.,5a708ef2f1530b000103bfab
2026-05-15 14:09:23,2026-05-15 14:12:12,0,68.98.181.249,100,169,1,2026-05-15 14:12:13,R_738NKaBg7b1SgYn,,,,,38.8263,-77.2111,anonymous,EN,1,2,2,1,2,1,one one,6,2,,2,,,were women.,6643ad1d6324582f8867c01a
2026-05-15 14:11:22,2026-05-15 14:12:13,0,208.89.3.146,100,50,1,2026-05-15 14:12:14,R_1nZvsoMwOwQJPge,,,,,40.7365,-74.0055,anonymous,EN,1,1,2,1,2,1,one one,6,1,,5,,,were women.,61033627c32742424aeaaac1
2026-05-15 14:10:59,2026-05-15 14:12:14,0,146.113.157.55,100,75,1,2026-05-15 14:12:15,R_7qmWrdDPwMrg2FG,,,,,34.1064,-117.3703,anonymous,EN,1,2,2,1,2,1,one one,6,2,,2,,,were based on the West Coast of the United States.,699a436ee9032e2b2333d3c1
2026-05-15 14:09:08,2026-05-15 14:12:16,0,100.11.204.181,100,187,1,2026-05-15 14:12:16,R_1dzOBviKc2YIvWw,,,,,40.0172,-75.0883,anonymous,EN,1,1,2,1,2,1,one one,2,1,,2,,,were based on the West Coast of the United States.,604db6324496c57afe822770
2026-05-15 14:10:00,2026-05-15 14:12:17,0,113.20.54.163,100,137,1,2026-05-15 14:12:18,R_5LXYsA3c3XhEjtf,,,,,39.0814,-77.6443,anonymous,EN,1,2,2,1,2,1,52,,,,,,,,69696695a46b968d40daf6e1
2026-05-15 14:10:46,2026-05-15 14:12:20,0,108.48.103.67,100,94,1,2026-05-15 14:12:21,R_5zT7VxSOF43qfdc,,,,,38.9618,-77.1193,anonymous,EN,1,1,2,1,2,1,one one,2,1,,2,,,were under 50 years old.,65cb586a1166caf7eb546dda
2026-05-15 14:11:23,2026-05-15 14:12:29,0,108.222.51.50,100,65,1,2026-05-15 14:12:30,R_1P6CAp0f4YrIsEu,,,,,30.6333,-88.1523,anonymous,EN,1,2,2,1,2,1,one one,1,2,,5,,,were under 50 years old.,69dd53fd54f9b38f6e4c5019
2026-05-15 14:10:24,2026-05-15 14:12:30,0,174.207.227.196,100,126,1,2026-05-15 14:12:31,R_1eyIBkmT5PCFzeC,,,,,39.7933,-84.218,anonymous,EN,1,2,2,1,2,1,one one,8,1,,5,n/a,,were under 50 years old.,6604567de774a31fa7fcd288
2026-05-15 14:10:51,2026-05-15 14:12:39,0,163.116.249.72,100,107,1,2026-05-15 14:12:39,R_5QxnRb6cnoGHudq,,,,,42.8938,-78.8646,anonymous,EN,1,2,2,1,2,1,one one,8,1,,5,"Thank you for allowing me to participate ",,were women.,67000ed3ffa3938b2cc81087
2026-05-15 14:11:39,2026-05-15 14:12:40,0,134.215.18.187,100,60,1,2026-05-15 14:12:40,R_5subggerT411oX3,,,,,36.1868,-86.5067,anonymous,EN,1,1,2,1,2,1,one one,2,1,,5,,,were based on the West Coast of the United States.,61391e597dbe122a2dffb914
2026-05-15 14:11:28,2026-05-15 14:12:42,0,68.14.101.201,100,73,1,2026-05-15 14:12:42,R_71DPw9xVq3gJdxD,,,,,41.5336,-71.2864,anonymous,EN,1,2,2,1,2,1,one one,7,2,,5,,,worked at a university.,670c17328b2ef3366ba42a34
2026-05-15 14:11:25,2026-05-15 14:12:43,0,35.145.225.215,100,78,1,2026-05-15 14:12:43,R_7nMvGHXzkIk8QnL,,,,,28.0493,-82.0069,anonymous,EN,1,2,2,1,2,1,one one,8,1,,5,,,were under 50 years old.,66293d4d723f515e219cdfb9
2026-05-15 14:11:53,2026-05-15 14:12:50,0,139.102.144.100,100,57,1,2026-05-15 14:12:50,R_3wMQO03w5rHHAbv,,,,,39.6145,-87.709,anonymous,EN,1,2,2,1,2,1,one one,1,1,,5,,,were based on the West Coast of the United States.,5dddb4071e70dad3885f1601
2026-05-15 14:10:21,2026-05-15 14:12:53,0,108.212.136.21,100,151,1,2026-05-15 14:12:54,R_60oyEWIODlWpub9,,,,,30.1426,-81.5727,anonymous,EN,1,2,2,1,2,1,one one,4,1,,5,,,were under 50 years old.,592ed8978ad1ae0001937919
2026-05-15 14:11:38,2026-05-15 14:12:53,0,104.137.238.119,100,75,1,2026-05-15 14:12:54,R_1FgGR5vxiGec0hw,,,,,42.5064,-83.4069,anonymous,EN,1,2,2,1,2,1,one one,1,2,,5,,,were based on the West Coast of the United States.,636d6ce3fb3683ff33f9e514
2026-05-15 14:11:45,2026-05-15 14:12:57,0,67.190.209.51,100,72,1,2026-05-15 14:12:57,R_1P4Cg4gqhgaLxuc,,,,,30.45,-81.6624,anonymous,EN,1,1,2,1,2,1,one one,2,1,,5,gender has no bearing on this  -I want to hear from experts regardless of gender / sex,,were women.,6234790e93ccbf5fc88ad4fe
2026-05-15 14:11:10,2026-05-15 14:12:57,0,70.178.8.77,100,107,1,2026-05-15 14:12:58,R_66gpHVdzPabmJRc,,,,,36.3174,-94.1548,anonymous,EN,1,2,2,1,2,1,one one,4,1,,5,Thanks!,,were women.,64eede50d732cf4ab3e590ad
2026-05-15 14:08:30,2026-05-15 14:13:08,0,38.15.56.188,100,278,1,2026-05-15 14:13:08,R_7njUm6oa5ypUgmy,,,,,40.5377,-105.0546,anonymous,EN,1,1,2,1,2,1,one one,4,2,,5,N/A,,were women.,5bef41fa54277d000114d6ad
2026-05-15 14:11:46,2026-05-15 14:13:21,0,107.221.196.138,100,94,1,2026-05-15 14:13:22,R_7ne0K5GLvhLLIb8,,,,,42.2807,-83.7801,anonymous,EN,1,1,2,1,2,1,one one,7,2,,5,,,worked at a university.,677e1c29e5bc70ca31fa88ec
2026-05-15 14:09:44,2026-05-15 14:13:28,0,67.6.155.27,100,223,1,2026-05-15 14:13:29,R_1KNrrsppDL6vZo5,,,,,39.1417,-92.4627,anonymous,EN,1,2,2,1,2,1,"""one one""",1,2,,5,Hope this helps with your research.,,were based on the West Coast of the United States.,605733fb52820cc2a723fea3
2026-05-15 14:11:34,2026-05-15 14:13:35,0,73.191.247.210,100,120,1,2026-05-15 14:13:35,R_5Lhz4CJ1abuHVWb,,,,,41.8993,-84.0402,anonymous,EN,1,2,2,1,2,1,one one,4,2,,4,none,,worked at a university.,55dbdc9d50a1f7001190d753
2026-05-15 14:11:49,2026-05-15 14:13:36,0,184.56.229.174,100,106,1,2026-05-15 14:13:36,R_1M6usU851GGfN8G,,,,,39.5082,-84.3987,anonymous,EN,1,1,2,1,2,1,one one,1,2,,5,,,were women.,65fedd69bd65bd4eab478192
2026-05-15 14:12:09,2026-05-15 14:13:49,0,98.236.215.41,100,99,1,2026-05-15 14:13:49,R_51SedaNfWKXHNhc,,,,,40.6187,-80.5773,anonymous,EN,1,1,2,1,2,1,one one,4,1,,5,,,were under 50 years old.,5c86ce55f2d62e001975e0ad
2026-05-15 14:08:00,2026-05-15 14:13:55,0,174.166.26.111,100,354,1,2026-05-15 14:13:55,R_7ojV7vYC3d5Qs18,,,,,40.7053,-74.0866,anonymous,EN,1,1,2,1,2,1,"""one one""",3,1,,4,N/A,,were under 50 years old.,674a0511306f35a4aa99b9cd
2026-05-15 14:12:56,2026-05-15 14:14:09,0,172.59.29.184,100,72,1,2026-05-15 14:14:09,R_3KTP3XT4yguMrvz,,,,,41.5,-81.6938,anonymous,EN,1,2,2,1,2,1,one one,1,2,,2,,,were under 50 years old.,6720c26f12695d0297414d2d
2026-05-15 14:11:29,2026-05-15 14:14:11,0,73.73.195.254,100,162,1,2026-05-15 14:14:11,R_5fjDwAq80GdBRta,,,,,41.7265,-87.5593,anonymous,EN,1,2,2,1,2,1,one one,3,1,,4,,,worked at a university.,6365b9324ce52c4f38eed7a0
2026-05-15 14:11:41,2026-05-15 14:14:15,0,24.181.132.178,100,153,1,2026-05-15 14:14:16,R_5CsclAD3fnZ6peF,,,,,46.1879,-123.8312,anonymous,EN,1,2,2,1,2,1,one one,2,2,,5,,,were based on the West Coast of the United States.,57c725d89a5f4f0001f661bd
2026-05-15 14:12:51,2026-05-15 14:14:33,0,73.38.251.220,100,102,1,2026-05-15 14:14:33,R_7wMr21acTWCDbsQ,,,,,41.674,-73.0075,anonymous,EN,1,2,2,1,2,1,one one,3,1,,5,Thanks for the opportunity to participate!,,worked at a university.,673cd43cfac31b5664ed1042
2026-05-15 14:13:32,2026-05-15 14:14:39,0,66.31.219.236,100,67,1,2026-05-15 14:14:40,R_7dXhUqs4iJNro1H,,,,,42.3251,-72.6276,anonymous,EN,1,2,2,1,2,1,one one,1,2,,5,,,were under 50 years old.,66e0813b79955faf3b6017c3
2026-05-15 14:13:32,2026-05-15 14:14:43,0,162.239.152.129,100,70,1,2026-05-15 14:14:44,R_7rGUQxbDuK7wv3s,,,,,26.0162,-80.1955,anonymous,EN,1,1,2,1,2,1,one one,6,2,,5,,,were women.,680cf3759bbfca13d68e130a
2026-05-15 14:13:57,2026-05-15 14:14:58,0,68.40.140.181,100,60,1,2026-05-15 14:14:58,R_3ZV7bLHdNQM7BYE,,,,,42.2314,-83.6344,anonymous,EN,1,2,2,1,2,1,one one,2,1,,5,,,worked at a university.,5d93b788fdfe9d001c00c255
2026-05-15 14:13:28,2026-05-15 14:14:58,0,136.61.210.190,100,90,1,2026-05-15 14:14:58,R_7IZ58pjrGk63YR3,,,,,38.9507,-94.6824,anonymous,EN,1,1,2,1,2,1,one one,4,2,,5,,,were women.,6985fbd2414edbeabfa06ee6
2026-05-15 14:13:42,2026-05-15 14:15:15,0,153.66.167.219,100,92,1,2026-05-15 14:15:16,R_75BJH3MKjKIKCnc,,,,,43.6598,-70.2547,anonymous,EN,1,2,2,1,2,1,one one,7,2,,5,,,were based on the West Coast of the United States.,695fa276f0ff6947c14771b8
2026-05-15 14:14:08,2026-05-15 14:15:28,0,136.226.2.102,100,80,1,2026-05-15 14:15:29,R_6zr4aiwdwwj3QWt,,,,,33.7485,-84.3871,anonymous,EN,1,1,2,1,2,1,one one,1,1,,5,Thank you and good luck with your study!,,were based on the West Coast of the United States.,69453bd02b59de54f5fd947d
2026-05-15 14:14:01,2026-05-15 14:15:39,0,74.124.177.169,100,97,1,2026-05-15 14:15:39,R_5V2Nj8xQ20ibIQ1,,,,,36.1053,-79.8762,anonymous,EN,1,1,2,1,2,1,one one,6,2,,5,Interesting survey on age and AI,,were under 50 years old.,63a9a8f2f098b7e45bd03721
2026-05-15 14:14:01,2026-05-15 14:15:47,0,70.22.195.107,100,105,1,2026-05-15 14:15:47,R_11Fb7mq1Zsx642Z,,,,,42.2518,-71.0805,anonymous,EN,1,2,2,1,2,1,one one,6,1,,5,,,were based on the West Coast of the United States.,6978bda2039ef7c2454998b0
2026-05-15 14:14:53,2026-05-15 14:16:08,0,73.225.105.158,100,75,1,2026-05-15 14:16:09,R_5NgopwHb3caZY1P,,,,,47.209,-122.2336,anonymous,EN,1,1,2,1,2,1,one one,4,1,,5,,,were under 50 years old.,63ecf8c3796bf9efcf715050
2026-05-15 14:15:24,2026-05-15 14:16:26,0,74.255.55.132,100,61,1,2026-05-15 14:16:27,R_5lMR4TtIE4wfQfc,,,,,38.2539,-85.76,anonymous,EN,1,2,2,1,2,1,one one,3,2,,5,,,were based on the West Coast of the United States.,6294cfd955c45345ed61aea1
2026-05-15 14:12:52,2026-05-15 14:16:31,0,73.175.188.115,100,219,1,2026-05-15 14:16:31,R_3f2w02hbZh74Sm7,,,,,39.9552,-76.6653,anonymous,EN,1,2,2,1,2,1,one one,6,1,,5,,,worked at a university.,673d25851173193daa4771ca
2026-05-15 14:15:12,2026-05-15 14:16:40,0,68.190.33.16,100,87,1,2026-05-15 14:16:40,R_3ULciMPFJvH9y37,,,,,33.9461,-83.418,anonymous,EN,1,1,2,1,2,1,one one,2,1,,5,,,were based on the West Coast of the United States.,5f6e71f3b273c13b726f3622
2026-05-15 14:14:54,2026-05-15 14:16:40,0,162.192.84.55,100,106,1,2026-05-15 14:16:40,R_5Oxh3gA7vVpG5Jb,,,,,30.0843,-81.8629,anonymous,EN,1,2,2,1,2,1,one one,4,1,,5,n/a,,were women.,63b6c0245a6de54b28e6ef89
2026-05-15 14:15:24,2026-05-15 14:16:41,0,69.194.186.71,100,76,1,2026-05-15 14:16:41,R_6w4v0szDay6LQyZ,,,,,32.3974,-93.8052,anonymous,EN,1,2,2,1,2,1,one one,8,2,,5,,,were under 50 years old.,631fdedf78d4f7b0a6b985ad
2026-05-15 14:13:46,2026-05-15 14:16:53,0,209.71.8.167,100,187,1,2026-05-15 14:16:54,R_7E5FXozkvvVxhte,,,,,29.4575,-82.6439,anonymous,EN,1,2,2,1,2,1,one one,1,1,,5,,,were women.,5b2eae5577b17f0001c037af
2026-05-15 14:15:45,2026-05-15 14:16:53,0,69.131.124.43,100,68,1,2026-05-15 14:16:54,R_6IFbWpOPMtmuxxf,,,,,42.9253,-89.2125,anonymous,EN,1,1,2,1,2,1,one one,6,2,,5,,,were women.,662a8814cc84e6106df5fb7a
2026-05-15 14:06:27,2026-05-15 14:17:01,0,98.113.52.184,100,633,1,2026-05-15 14:17:01,R_6rHcndP5qoOQ5nT,,,,,40.5678,-74.1181,anonymous,EN,1,1,2,1,2,1,one one,7,1,,4,,,were women.,605220735560745cf0a16a80
2026-05-15 14:13:46,2026-05-15 14:17:00,0,73.35.76.16,100,194,1,2026-05-15 14:17:01,R_7FEE0ZkN4nsOMNz,,,,,30.3415,-81.7358,anonymous,EN,1,2,2,1,2,1,one one,4,1,,5,,,worked at a university.,654fd3d72b14d852c7fff2b4
2026-05-15 14:14:43,2026-05-15 14:17:12,0,109.121.29.191,100,148,1,2026-05-15 14:17:12,R_1gZUvxnUnkrCD7t,,,,,39.0469,-77.4903,anonymous,EN,1,2,2,1,2,1,one one,6,2,,3,,,were under 50 years old.,695bb7e46ea982736787d035
2026-05-15 14:15:58,2026-05-15 14:17:15,0,76.38.78.175,100,76,1,2026-05-15 14:17:15,R_5KVemStAyLR3CFP,,,,,37.1329,-81.5271,anonymous,EN,1,2,2,1,2,1,one one,6,1,,5,,,worked at a university.,6644b750f83b1ad48d9ce14f
2026-05-15 14:16:17,2026-05-15 14:17:24,0,108.26.4.21,100,66,1,2026-05-15 14:17:24,R_63Ei0zYwqOsUftf,,,,,43.0388,-76.0677,anonymous,EN,1,2,2,1,2,1,one one,4,1,,3,,,were based on the West Coast of the United States.,67125dbf051de48bdd548035
2026-05-15 14:13:55,2026-05-15 14:17:41,0,67.166.251.28,100,225,1,2026-05-15 14:17:41,R_6yBje1lFZqTq1ih,,,,,34.0344,-84.6002,anonymous,EN,1,1,2,1,2,1,one one,6,1,,4,,,were under 50 years old.,6116aa8875bdab57cab52804
2026-05-15 14:13:49,2026-05-15 14:17:43,0,172.59.241.66,100,233,1,2026-05-15 14:17:43,R_3ptbbkukwEkQeUF,,,,,41.5,-81.6938,anonymous,EN,1,2,2,1,2,1,one one,2,1,,5,,,worked at a university.,66e9a45427bb5c6168d41030
2026-05-15 14:16:52,2026-05-15 14:17:46,0,64.121.69.202,100,53,1,2026-05-15 14:17:46,R_7RadWpNFYLjtRI1,,,,,40.595,-75.5289,anonymous,EN,1,2,2,1,2,1,one one,6,2,,5,,,were under 50 years old.,5e0e14d3ecb3ea56d7be5995
2026-05-15 14:14:26,2026-05-15 14:17:48,0,104.151.243.171,100,202,1,2026-05-15 14:17:48,R_5RqhiX8LyjKrJxY,,,,,33.4355,-86.1131,anonymous,EN,1,2,2,1,2,1,one one,6,1,,3,,,worked at a university.,5c40e28ffe87360001a5677e
2026-05-15 14:13:42,2026-05-15 14:18:06,0,71.83.103.69,100,263,1,2026-05-15 14:18:06,R_7r8qktewNVJ89TT,,,,,39.2564,-119.9521,anonymous,EN,1,1,2,1,2,1,one one,1,2,,5,,,were women.,5dd384887c0ebc382f0a919e
2026-05-15 14:15:57,2026-05-15 14:18:06,0,174.180.114.38,100,129,1,2026-05-15 14:18:06,R_30e0JzvC74M6vz4,,,,,41.6484,-70.4811,anonymous,EN,1,1,2,1,2,1,one one,3,1,,2,,,were based on the West Coast of the United States.,69bf621c96ae11bf6f815b87
2026-05-15 14:17:22,2026-05-15 14:18:35,0,99.66.20.239,100,73,1,2026-05-15 14:18:36,R_17O4UnRs6nHrGuX,,,,,25.6992,-80.3613,anonymous,EN,1,2,2,1,2,1,one one,6,1,,2,,,were women.,693b2398905c5229e2fb930a
2026-05-15 14:17:51,2026-05-15 14:18:36,0,24.15.184.212,100,44,1,2026-05-15 14:18:36,R_14O9uycq6xZpozi,,,,,41.7414,-87.5963,anonymous,EN,1,2,2,1,2,1,"one one ",,,,,,,,69a6f5f930a06e13c4593d9d
2026-05-15 14:15:05,2026-05-15 14:18:39,0,168.158.236.68,100,213,1,2026-05-15 14:18:39,R_1eb2NPlCZoKOjUB,,,,,37.751,-97.822,anonymous,EN,1,2,2,1,2,1,one one,4,2,,3,N/A,,were based on the West Coast of the United States.,67d38d0b4d7fc9c2517ff079
2026-05-15 14:07:11,2026-05-15 14:18:39,0,174.197.128.125,100,687,1,2026-05-15 14:18:40,R_7xwVlVPnR9iHan9,,,,,40.6877,-73.9267,anonymous,EN,1,2,2,1,2,1,one one,7,1,,3,,,worked at a university.,64334d2e296941a12f720eb9
2026-05-15 14:15:40,2026-05-15 14:18:54,0,67.20.7.198,100,193,1,2026-05-15 14:18:54,R_6fvHbO1EFMck9Fv,,,,,32.4699,-90.1102,anonymous,EN,1,1,2,1,2,1,one one,4,1,,5,,,worked at a university.,69bd6213457d20df22d2f3eb
2026-05-15 14:17:44,2026-05-15 14:18:55,0,76.192.101.167,100,71,1,2026-05-15 14:18:56,R_1gHABJnpqmM1sg9,,,,,32.9247,-96.8917,anonymous,EN,1,1,2,1,2,1,52,,,,,,,,6478e9af7d038af16d294843
2026-05-15 14:17:13,2026-05-15 14:19:13,0,108.160.120.30,100,119,1,2026-05-15 14:19:13,R_1liz0WoiyrfzqdF,,,,,30.6826,-94.8988,anonymous,EN,1,1,2,1,2,1,one one,8,2,,4,,,were women.,63ba386fca1ef3cc33de26d2
2026-05-15 14:16:18,2026-05-15 14:19:16,0,40.132.112.153,100,177,1,2026-05-15 14:19:17,R_3D6bX3NdsVaRl5f,,,,,37.1027,-84.5432,anonymous,EN,1,1,2,1,2,1,one one,8,2,,5,,,were women.,5de32329b5bed7350391666c
2026-05-15 14:17:51,2026-05-15 14:19:30,0,35.136.231.86,100,99,1,2026-05-15 14:19:31,R_6FGYUMjoZXPvJAd,,,,,28.2733,-81.1999,anonymous,EN,1,2,2,1,2,1,one one,6,1,,5,,,worked at a university.,6643ac8b5817fd2a43298619
2026-05-15 14:17:22,2026-05-15 14:19:31,0,108.233.81.229,100,129,1,2026-05-15 14:19:32,R_1B24FFJ9fsB4A4p,,,,,37.6864,-121.7654,anonymous,EN,1,1,2,1,2,1,one one,2,1,,5,,,worked at a university.,59f71f797086f80001941493
2026-05-15 14:18:03,2026-05-15 14:19:33,0,129.89.233.3,100,89,1,2026-05-15 14:19:33,R_5G3XxydXz9NsxGi,,,,,43.0818,-87.892,anonymous,EN,1,2,2,1,2,1,one one,4,2,,5,,,were under 50 years old.,63d3ff28c338c75425b282b9
2026-05-15 14:16:49,2026-05-15 14:19:39,0,68.230.235.158,100,169,1,2026-05-15 14:19:39,R_6HdTl2YBkpfWSCQ,,,,,30.0039,-90.1229,anonymous,EN,1,2,2,1,2,1,one one,6,1,,5,,,were under 50 years old.,6111c4865701e1ba367af3e3
2026-05-15 14:18:54,2026-05-15 14:19:48,0,216.56.9.83,100,53,1,2026-05-15 14:19:48,R_7Y4PiVEVzjrRQZj,,,,,43.5914,-88.4437,anonymous,EN,1,2,2,1,2,1,one one,3,2,,5,,,worked at a university.,5e6560b5b402952e900827c5
2026-05-15 14:17:07,2026-05-15 14:19:50,0,24.128.55.3,100,162,1,2026-05-15 14:19:50,R_1WBEuLRsNLw4wtY,,,,,39.6562,-104.7866,anonymous,EN,1,1,2,1,2,1,one one,2,2,,5,,,were based on the West Coast of the United States.,639e0331bc3cc615f5a3dd89
2026-05-15 14:18:50,2026-05-15 14:19:54,0,74.129.94.125,100,64,1,2026-05-15 14:19:55,R_3qEIwXBWfPwFRV6,,,,,39.8367,-82.8029,anonymous,EN,1,2,2,1,2,1,one one,2,2,,5,,,were based on the West Coast of the United States.,63cffe69ec33b3a776d6660e
2026-05-15 14:18:58,2026-05-15 14:19:57,0,76.36.9.132,100,59,1,2026-05-15 14:19:58,R_7DnWMlyLPqbXpT3,,,,,35.1947,-80.744,anonymous,EN,1,2,2,1,2,1,one one,1,1,,3,,,were women.,583b397f54686200010f1d20
2026-05-15 14:18:41,2026-05-15 14:20:03,0,73.230.122.37,100,81,1,2026-05-15 14:20:03,R_1GJDoBlGW7TYo49,,,,,39.9517,-76.7064,anonymous,EN,1,2,2,1,2,1,one one,7,2,,5,,,were under 50 years old.,69b56c2c0c9460b5e5269b75
2026-05-15 14:18:13,2026-05-15 14:20:11,0,173.48.240.167,100,117,1,2026-05-15 14:20:11,R_1j5QsAl69xI286J,,,,,42.5278,-71.104,anonymous,EN,1,2,2,1,2,1,one one,1,2,,5,N/A.,,were women.,66db373cce38104268a0fb78
2026-05-15 14:13:25,2026-05-15 14:20:25,0,100.16.137.17,100,420,1,2026-05-15 14:20:26,R_1n5EKE7zDqONWtb,,,,,39.4698,-76.8319,anonymous,EN,1,2,2,1,2,1,one one,2,3,,5,,,worked at a university.,662c0114735b9f2e17f0a8be
2026-05-15 14:18:58,2026-05-15 14:20:27,0,170.211.173.254,100,89,1,2026-05-15 14:20:28,R_7WVidsCDxuFZ433,,,,,35.8134,-90.4441,anonymous,EN,1,2,2,1,2,1,one one,3,2,,5,,,were based on the West Coast of the United States.,66e2f5bef170bd666f05dc8e
2026-05-15 14:18:15,2026-05-15 14:21:06,0,68.1.177.113,100,171,1,2026-05-15 14:21:07,R_5QcJm7n45CyDNjz,,,,,41.6868,-72.7248,anonymous,EN,1,1,2,1,2,1,one one,6,1,,2,,,were women.,67217c9b294edb50f005d264
2026-05-15 14:19:19,2026-05-15 14:21:25,0,97.228.94.223,100,126,1,2026-05-15 14:21:25,R_6HtNenCkSnmm7qV,,,,,36.1473,-115.1152,anonymous,EN,1,2,2,1,2,1,one one,4,2,,5,,,were under 50 years old.,58ef6ad040baf30001228d2c
2026-05-15 14:19:45,2026-05-15 14:21:32,0,172.59.108.194,100,107,1,2026-05-15 14:21:33,R_51oEKSILzkJMtBB,,,,,29.9813,-90.1663,anonymous,EN,1,1,2,1,2,1,one one,6,1,,5,,,were under 50 years old.,62a099bb01ad779df1971ea4
2026-05-15 14:19:17,2026-05-15 14:21:35,0,166.199.150.27,100,138,1,2026-05-15 14:21:35,R_3TpG3oAGkO1tMAC,,,,,35.1287,-80.9338,anonymous,EN,1,1,2,1,2,1,one one,6,1,,5,,,were based on the West Coast of the United States.,66281235a9b275877e8dfedd
2026-05-15 14:16:21,2026-05-15 14:21:41,0,24.118.162.2,100,320,1,2026-05-15 14:21:41,R_6m42ORQbplZemns,,,,,45.1184,-93.3461,anonymous,EN,1,2,2,1,2,1,"""One one""",2,1,,3,The study was clear and easy to follow.,,were based on the West Coast of the United States.,695ff38ddb46ec007d427ac5
2026-05-15 14:21:18,2026-05-15 14:21:49,0,98.171.117.122,100,30,1,2026-05-15 14:21:49,R_31z3ykdVJooiq0j,,,,,33.2752,-111.7082,anonymous,EN,1,2,2,1,2,1,52,,,,,,,,64d5323f567c88a7df95b47a
2026-05-15 14:19:50,2026-05-15 14:22:10,0,97.122.216.90,100,140,1,2026-05-15 14:22:10,R_3nowgdHkXSjIM7z,,,,,39.8401,-105.0027,anonymous,EN,1,2,2,1,2,1,one one,8,2,,2,,,worked at a university.,66fb245e0d8b295716def17c
2026-05-15 14:21:12,2026-05-15 14:22:11,0,24.93.139.251,100,58,1,2026-05-15 14:22:11,R_7g8bAu6aAqiwTfw,,,,,44.6611,-74.9708,anonymous,EN,1,1,2,1,2,1,one one,6,1,,5,,,were women.,63d546d88ccf3a038620bb8c
2026-05-15 14:21:22,2026-05-15 14:22:56,0,24.185.85.21,100,93,1,2026-05-15 14:22:56,R_79egwM0ejazWAtr,,,,,40.7619,-74.4185,anonymous,EN,1,1,2,1,2,1,one one,4,2,,5,,,worked at a university.,5e8bbb3680cbf20986c677e1
2026-05-15 14:21:37,2026-05-15 14:23:26,0,71.201.165.102,100,108,1,2026-05-15 14:23:26,R_5gjdV3dUVAEiEXu,,,,,41.4495,-87.4769,anonymous,EN,1,2,2,1,2,1,one one,3,1,,5,,,were under 50 years old.,67274f98842dc20b8ffa5425
2026-05-15 14:21:39,2026-05-15 14:23:34,0,69.242.148.174,100,114,1,2026-05-15 14:23:35,R_6TqVparfX4HFSmZ,,,,,38.8868,-94.8223,anonymous,EN,1,2,2,1,2,1,one one,4,2,,5,,,were based on the West Coast of the United States.,5ede3d2ef7c9f9068776c4d2
2026-05-15 14:22:43,2026-05-15 14:23:36,0,47.154.159.113,100,53,1,2026-05-15 14:23:36,R_6SWYLt37WevQFP3,,,,,33.6598,-117.3485,anonymous,EN,1,1,2,1,2,1,one one,6,2,,2,,,were women.,630051de1dfc7f3ba6bb40cc
2026-05-15 14:18:56,2026-05-15 14:23:36,0,172.56.61.55,100,280,1,2026-05-15 14:23:37,R_3NCq9moeZr54clX,,,,,29.7009,-95.5885,anonymous,EN,1,2,2,1,2,1,one one,7,1,,5,,,were women.,67d8a842726644308266e91f
2026-05-15 14:22:51,2026-05-15 14:23:59,0,65.34.227.60,100,67,1,2026-05-15 14:23:59,R_7cYeb5ZdY8zzgnD,,,,,26.1374,-80.1684,anonymous,EN,1,1,2,1,2,1,one one,8,1,,5,,,worked at a university.,5d1a13a0ae692800192fa1c2
2026-05-15 14:22:40,2026-05-15 14:24:03,0,167.142.114.36,100,82,1,2026-05-15 14:24:03,R_1IaRZulgU7X0Ua7,,,,,41.7387,-92.7332,anonymous,EN,1,2,2,1,2,1,one one,1,2,,5,no comments,,were women.,5e937e8e4d246b6b4162ae72
2026-05-15 14:23:14,2026-05-15 14:24:21,0,158.62.168.210,100,67,1,2026-05-15 14:24:21,R_7fg98jC4UbrpH9I,,,,,35.3274,-97.5556,anonymous,EN,1,1,2,1,2,1,one one,7,2,,5,na,,worked at a university.,6953fb7c9df1b32aa5503057
2026-05-15 14:23:03,2026-05-15 14:24:29,0,24.140.177.109,100,85,1,2026-05-15 14:24:29,R_6Lug3M3Q466UAWl,,,,,40.8116,-81.4973,anonymous,EN,1,2,2,1,2,1,one one,4,1,,5,Thank you,,were under 50 years old.,673a79d52880fa454ca618e2
2026-05-15 14:22:47,2026-05-15 14:24:48,0,46.203.160.106,100,120,1,2026-05-15 14:24:48,R_1FJ44RwfiKovN7v,,,,,39.0469,-77.4903,anonymous,EN,1,1,2,1,2,1,one one,7,1,,3,,,worked at a university.,69a65cb77a65aab485084932
2026-05-15 14:22:44,2026-05-15 14:25:10,0,173.59.1.237,100,145,1,2026-05-15 14:25:10,R_7PQQl7uWB39N4FR,,,,,39.9193,-75.4916,anonymous,EN,1,2,2,1,2,1,one one,7,1,,5,,,were based on the West Coast of the United States.,6962cca9d508ff265a327bdf
2026-05-15 14:23:27,2026-05-15 14:25:27,0,172.59.215.236,100,120,1,2026-05-15 14:25:28,R_7w5nazJ5DTg2p6I,,,,,40.7641,-74.1654,anonymous,EN,1,2,2,1,2,1,one one,8,1,,3,,,were women.,66eeda2bc7d6e9b92b4a81c0
2026-05-15 14:13:39,2026-05-15 14:25:37,0,97.189.164.181,100,717,1,2026-05-15 14:25:37,R_7fxhF8OEgGWOkYN,,,,,34.0481,-118.2531,anonymous,EN,1,2,2,1,2,1,one one,6,1,,5,,,were under 50 years old.,5aa838354eecca0001de0a20
2026-05-15 14:23:52,2026-05-15 14:26:00,0,162.211.38.204,100,128,1,2026-05-15 14:26:01,R_5QCKluIcz9XgXfP,,,,,38.9582,-85.8875,anonymous,EN,1,2,2,1,2,1,one one,4,1,,5,,,were under 50 years old.,62728884995a1a76605d0214
2026-05-15 14:24:56,2026-05-15 14:26:16,0,108.4.242.167,100,80,1,2026-05-15 14:26:16,R_1Yy1hdkhNalFKjU,,,,,39.9357,-75.1832,anonymous,EN,1,2,2,1,2,1,one one,3,1,,5,,,were based on the West Coast of the United States.,5fff0eb8fa9eac64dfee12f0
2026-05-15 14:24:05,2026-05-15 14:26:23,0,86.109.83.8,100,138,1,2026-05-15 14:26:23,R_5J8csLwAbq4YkdM,,,,,37.8117,-80.4434,anonymous,EN,1,2,2,1,2,1,one one,7,2,,3,,,were under 50 years old.,67ec7012f63d646fa7f33bbf
2026-05-15 14:24:42,2026-05-15 14:26:27,0,209.71.16.126,100,104,1,2026-05-15 14:26:27,R_1mYrtJd1uDbC2EV,,,,,29.6669,-83.0075,anonymous,EN,1,2,2,1,2,1,one one,8,1,,5,,,were women.,639f64e943f91a180d9caef0
2026-05-15 14:25:19,2026-05-15 14:26:31,0,209.188.34.0,100,72,1,2026-05-15 14:26:31,R_763hM0SBoBbqamg,,,,,34.2563,-78.0447,anonymous,EN,1,2,2,1,2,1,one one,6,2,,5,Thanks,,worked at a university.,5c7cf8b58ca9000001b52f6e
2026-05-15 14:25:55,2026-05-15 14:27:07,0,207.244.201.10,100,71,1,2026-05-15 14:27:07,R_6e4MV0M0WK9gMwl,,,,,33.6068,-88.6478,anonymous,EN,1,1,2,1,2,1,one one,2,1,,5,,,were based on the West Coast of the United States.,672b7c9fde910f42c8aa35eb
2026-05-15 14:25:25,2026-05-15 14:27:20,0,107.219.220.8,100,114,1,2026-05-15 14:27:20,R_6lqycmlW0PoeL0B,,,,,31.8045,-105.9661,anonymous,EN,1,1,2,1,2,1,one one,4,1,,4,none,,were under 50 years old.,658400102871818387a49d0f
2026-05-15 14:24:52,2026-05-15 14:27:55,0,74.96.231.178,100,182,1,2026-05-15 14:27:56,R_1SwZGGfgWVpZbJ9,,,,,38.8263,-77.2111,anonymous,EN,1,2,2,1,2,1,one one,4,1,,2,Great study!,,were based on the West Coast of the United States.,5d7fd2a5987f70001602d95b
2026-05-15 14:26:45,2026-05-15 14:28:20,0,24.3.183.90,100,94,1,2026-05-15 14:28:20,R_1KPAN6H81u2RMfb,,,,,40.476,-79.7355,anonymous,EN,1,2,2,1,2,1,one one,3,2,,5,Thank you.,,worked at a university.,67daaf1bd5692a92530dcadb
2026-05-15 14:26:54,2026-05-15 14:28:33,0,161.129.37.227,100,99,1,2026-05-15 14:28:34,R_1isAxwekB0bhmHq,,,,,39.018,-77.539,anonymous,EN,1,1,2,1,2,1,one one,6,2,,5,Thank You,,worked at a university.,6034f019bf26dfcde618e658
2026-05-15 14:23:57,2026-05-15 14:28:39,0,76.37.169.113,100,282,1,2026-05-15 14:28:40,R_5GOlE3ccjAiOMnX,,,,,42.8354,-78.7573,anonymous,EN,1,1,2,1,2,1,one one,3,2,,5,,,were women.,5e6fd3293c76d25a3ca8b384
2026-05-15 14:27:39,2026-05-15 14:28:42,0,96.249.227.120,100,63,1,2026-05-15 14:28:42,R_6EupDroQIz4dyxt,,,,,36.7969,-76.1797,anonymous,EN,1,1,2,1,2,1,one one,1,2,,5,,,were under 50 years old.,63b63938dbf229f3eb46d4a4
2026-05-15 14:27:02,2026-05-15 14:29:28,0,45.134.95.181,100,146,1,2026-05-15 14:29:29,R_1qq59NS9diZeiOp,,,,,37.751,-97.822,anonymous,EN,1,2,2,1,2,1,"""one one""",3,1,,3,,,were women.,67eff0475e43d9a5390ff55e
2026-05-15 14:28:50,2026-05-15 14:29:55,0,107.3.247.9,100,65,1,2026-05-15 14:29:55,R_3Oiy49lSeK43PD5,,,,,36.1315,-86.8019,anonymous,EN,1,2,2,1,2,1,one one,6,1,,3,,,worked at a university.,663a422b52cb5c270f98f3ff
2026-05-15 14:27:03,2026-05-15 14:30:02,0,69.131.15.58,100,178,1,2026-05-15 14:30:02,R_7JxBsz2Xlndtaj7,,,,,43.3392,-71.2595,anonymous,EN,1,2,2,1,2,1,one one,3,1,,5,,,were based on the West Coast of the United States.,66de29b7d4d6dd25c97445d1
2026-05-15 14:29:26,2026-05-15 14:31:21,0,73.158.228.220,100,114,1,2026-05-15 14:31:22,R_3N4kTKeOhAxUt22,,,,,38.4549,-122.2564,anonymous,EN,1,1,2,1,2,1,one one,8,1,,5,,,were based on the West Coast of the United States.,6461289e6f5807a784f0750d
2026-05-15 14:20:47,2026-05-15 14:31:22,0,108.5.245.31,100,634,1,2026-05-15 14:31:22,R_7LIGJsGqoGGOxAU,,,,,40.4551,-74.4871,anonymous,EN,1,1,2,1,2,1,one one,4,2,,2,,,were based on the West Coast of the United States.,695bbdf21fd961458dd7390f
2026-05-15 14:29:52,2026-05-15 14:31:40,0,164.68.146.37,100,108,1,2026-05-15 14:31:40,R_1agbveQuThJop9Y,,,,,26.2312,-80.1224,anonymous,EN,1,1,2,1,2,1,one one,4,2,,5,,,were under 50 years old.,69b84eda4bacd6bc812a18ea
2026-05-15 14:29:14,2026-05-15 14:32:05,0,208.88.12.146,100,170,1,2026-05-15 14:32:05,R_3wnaCsEt1jeauIz,,,,,39.9526,-75.2937,anonymous,EN,1,2,2,1,2,1,one one,8,1,,5,,,were under 50 years old.,673bc14ddf2a5912a23863e7
2026-05-15 14:30:58,2026-05-15 14:32:08,0,198.252.156.12,100,69,1,2026-05-15 14:32:08,R_6nNQIB0gPddD7gZ,,,,,30.4566,-84.3223,anonymous,EN,1,1,2,1,2,1,one one,1,2,,5,,,were women.,5694e7b5e0c800000b5a3841
2026-05-15 14:30:53,2026-05-15 14:32:46,0,24.98.161.179,100,113,1,2026-05-15 14:32:47,R_3ugJNRi9GnXVzB7,,,,,33.6934,-84.448,anonymous,EN,1,1,2,1,2,1,52,,,,,,,,63cff02ee037183a8c260ea8
2026-05-15 14:27:48,2026-05-15 14:33:12,0,37.49.150.110,100,323,1,2026-05-15 14:33:12,R_6P5sLffRCGZyFuF,,,,,47.6711,-122.1253,anonymous,EN,1,1,2,1,2,1,"""one one""",6,1,,4,,,were women.,67db79c1394397a838ce8fdd
2026-05-15 14:32:24,2026-05-15 14:33:32,0,172.59.187.143,100,68,1,2026-05-15 14:33:33,R_3s0sTYDtCvKUtiz,,,,,41.8483,-87.6517,anonymous,EN,1,1,2,1,2,1,one one,8,1,,4,,,worked at a university.,60fe3a34f7f4d5e48ad56af2
2026-05-15 14:32:21,2026-05-15 14:34:16,0,104.63.194.88,100,114,1,2026-05-15 14:34:17,R_6eE1W8gZ5LsQ8IO,,,,,32.5309,-97.3134,anonymous,EN,1,1,2,1,2,1,one one,8,1,,3,interesting study,,worked at a university.,67d1fae33c97d8df89998bd9
2026-05-15 14:33:49,2026-05-15 14:34:31,0,69.206.173.48,100,41,1,2026-05-15 14:34:31,R_3d4EbkWrXQalV6Q,,,,,40.7428,-73.9712,anonymous,EN,1,2,2,1,2,1,52,,,,,,,,6653691608992eba0cff2cbf
2026-05-15 14:33:41,2026-05-15 14:35:14,0,147.92.28.189,100,93,1,2026-05-15 14:35:14,R_5Q6J7mn5qDb1GLE,,,,,36.5217,-86.3171,anonymous,EN,1,2,2,1,2,1,one one,6,1,,5,,,were under 50 years old.,55aa9c8dfdf99b634b427b9a
2026-05-15 14:31:35,2026-05-15 14:35:40,0,212.32.123.52,100,244,1,2026-05-15 14:35:40,R_5DVUmn4a6YuZLbP,,,,,37.751,-97.822,anonymous,EN,1,2,2,1,2,1,"""one one""",3,1,,1,,,were women.,614af89a94339a92bf646754
2026-05-15 14:32:58,2026-05-15 14:35:43,0,88.209.229.54,100,164,1,2026-05-15 14:35:43,R_19uJQCU7EhfZCiG,,,,,47.4891,-92.8838,anonymous,EN,1,2,2,1,2,1,one one,7,2,,3,no comments,,were based on the West Coast of the United States.,69ae40f1b37b0e141294f003
2026-05-15 14:35:35,2026-05-15 14:36:33,0,67.171.175.5,100,57,1,2026-05-15 14:36:33,R_6pLZgYYe0zTYc0N,,,,,45.5496,-122.8293,anonymous,EN,1,1,2,1,2,1,one one,6,2,,2,,,were based on the West Coast of the United States.,67e6ab0195afe547df3e3f34
2026-05-15 14:36:47,2026-05-15 14:38:08,0,75.118.23.131,100,81,1,2026-05-15 14:38:09,R_13ZsTJNneQu2uZp,,,,,41.3957,-81.8157,anonymous,EN,1,2,2,1,2,1,one one,3,2,,5,,,were under 50 years old.,6040558e6700552508a8f9b5
2026-05-15 14:36:50,2026-05-15 14:39:29,0,192.111.251.109,100,159,1,2026-05-15 14:39:30,R_5ElQ38lENc8IBvR,,,,,37.3529,-79.6164,anonymous,EN,1,2,2,1,2,1,one one,7,1,,5,none,,worked at a university.,662939410cc90efb004523f7
2026-05-15 14:38:59,2026-05-15 14:40:25,0,74.255.59.24,100,85,1,2026-05-15 14:40:26,R_7lzxXNTkeucqKGQ,,,,,34.0007,-81.0348,anonymous,EN,1,2,2,1,2,1,one one,6,2,,5,,,were women.,6400d8e645e80091a53f9b21
2026-05-15 14:38:44,2026-05-15 14:40:46,0,71.85.189.86,100,121,1,2026-05-15 14:40:46,R_7EczrWxoBMU0z9s,,,,,41.1314,-100.7751,anonymous,EN,1,1,2,1,2,1,one one,3,2,,5,,,were under 50 years old.,63d6873b65a6170d64a652f6
2026-05-15 14:39:41,2026-05-15 14:41:31,0,74.97.34.235,100,110,1,2026-05-15 14:41:32,R_6KwBh3KZsdhm5Gh,,,,,41.874,-71.3844,anonymous,EN,1,2,2,1,2,1,one one,4,1,,2,,,worked at a university.,5c23c03889f035000173d7d7
2026-05-15 14:31:16,2026-05-15 14:44:21,0,72.178.171.53,100,785,1,2026-05-15 14:44:22,R_6l5lX0Ekv4xBSLj,,,,,30.424,-97.7932,anonymous,EN,1,1,2,1,2,1,one one,2,2,,2,,,were women.,609551c1ade88f8463666fb8
2026-05-15 14:43:50,2026-05-15 14:44:39,0,162.33.226.7,100,48,1,2026-05-15 14:44:39,R_30K0EMF9NitbR7j,,,,,40.7126,-74.0066,anonymous,EN,1,1,2,1,2,1,one one,6,1,,2,,,were women.,627abdafed7edf12faf2e852
2026-05-15 14:43:24,2026-05-15 14:44:43,0,172.58.52.6,100,78,1,2026-05-15 14:44:43,R_6Ekie9jnQXrnUzv,,,,,29.6876,-95.4049,anonymous,EN,1,1,2,1,2,1,one one,1,2,,4,,,were based on the West Coast of the United States.,66042d69e26a9120236ffb4f
2026-05-15 14:46:18,2026-05-15 14:47:56,0,24.167.133.95,100,98,1,2026-05-15 14:47:57,R_1YfFXxdxCFFQ17p,,,,,36.1219,-79.7777,anonymous,EN,1,2,2,1,2,1,one one,1,1,,3,,,were based on the West Coast of the United States.,55be9292fdf99b4c861994d8
2026-05-15 14:45:31,2026-05-15 14:49:04,0,72.205.240.173,100,212,1,2026-05-15 14:49:04,R_6CqEibZ3vhOVaKt,,,,,37.6658,-97.3146,anonymous,EN,1,1,2,1,2,1,one one,6,2,,5,,,worked at a university.,66826e9e2c8e4bfd530e5584
2026-05-15 14:48:29,2026-05-15 14:49:32,0,76.46.8.206,100,62,1,2026-05-15 14:49:32,R_7TMzjf3PJzZB0at,,,,,39.2413,-84.5455,anonymous,EN,1,2,2,1,2,1,one one,7,1,,3,,,were under 50 years old.,63614d513d6883f562b0ff79
2026-05-15 14:48:01,2026-05-15 14:50:03,0,223.29.146.233,100,122,1,2026-05-15 14:50:04,R_3rYAYSHp8EYlNxI,,,,,37.751,-97.822,anonymous,EN,1,2,2,1,2,1,one one,6,1,,5,,,were under 50 years old.,67854ba4bab6fc4b80eba268
2026-05-15 14:51:57,2026-05-15 14:54:46,0,86.109.81.93,100,169,1,2026-05-15 14:54:47,R_1pKpnKtDLf2zROt,,,,,34.3807,-81.0865,anonymous,EN,1,1,2,1,2,1,one one,6,1,,5,,,were women.,67e069199f5b036960b0cc5f
2026-05-15 15:23:00,2026-05-15 15:28:17,0,174.228.238.15,100,316,1,2026-05-15 15:28:17,R_3ixbglrbB3UdpU9,,,,,39.9203,-75.1108,anonymous,EN,1,2,2,1,2,1,one one,6,2,,4,,,were based on the West Coast of the United States.,57656f6c2bfddf000125cce5
