"workerId","attribute_clean","importance_clean","gender","num_excluded_total"
"A1Q6BCD26I084Z","wrote more than 10 books.",3,"Man",78
"A3GXEJ6VWRXBXW","published their first book before the age of 25.",2,"Man",78
"A35DS4T8H1MWYD","ever wrote fiction.",2,"Man",78
"A1GHRGMTWG85LX","wrote one of the 500 most commonly taught books in US colleges.",4,"Woman",78
"A2X81BPNQWSHR0","were women.",5,"Man",78
"AX5X0WANI5V7Y","ever wrote poetry.",1,"Man",78
"ATFD3WC87FITM","won a Pulitzer Prize, Nobel Prize or National Book Award.",7,"Woman",78
"A28CY58XWW8D5K","wrote at least one book that appears on the American Library Association's banned books list.",1,"Man",78
"A2HXAA4WF7IVYG","have been writing professionally for over 30 years.",6,"Woman",78
"A58L6J62P9QT","ever had their work included in a major literary anthology (e.g. Norton, Oxford).",3,"Woman",78
"A1T83SZBP2DN65","wrote primarily about war and civil unrest.",3,"Woman",78
"A199ECPSCLODO6","wrote at least one book that sold over 1 million copies.",5,"Woman",78
"A1HKYY6XI2OHO1","were born in the United States.",1,"Man",78
"A1WQACYPLESVGL","wrote at least one book that remained in continuous print for over 50 years.",4,"Man",78
"A2482SLAY120J2","wrote at least one book that appears on the American Library Association's banned books list.",6,"Man",78
"A3K9GGE08V218Q","published their first book in last 5 years.",4,"Man",78
"A34V7HUH38XVGT","died in the last century.",7,"Man",78
"A2ZB6ODYG1RKZ5","wrote an autobiography.",5,"Man",78
"A1OZPLHNIU1519","are still alive.",3,"Man",78
"A3V2K9AYP45DC4","had their work translated into at least 20 languages.",1,"Woman",78
"A1YMF916E6DM6Z","died in the last century.",1,"Man",78
"A1RQMCQ3LMIGEK","were born in the United States.",2,"Woman",78
"A1JZI9YO5DGXJC","wrote an autobiography.",1,"Man",78
"A2AA29XJTLZEDG","wrote  books, poems or essays spanning multiple genres.",4,"Man",78
"AP761OJXC1MAE","had their work translated into at least 20 languages.",3,"Man",78
"A2N5B07LYNLEUT","wrote at least one book that sold over 1 million copies.",4,"Woman",78
"AO5WJXJED5LQO","wrote primarily about war and civil unrest.",3,"Woman",78
"AQHQVVPC61JD9","were women.",1,"Woman",78
"A3M42ZQTKMCF5Y","wrote one of the 500 most commonly taught books in US colleges.",4,"Man",78
"A24WRYRST9NJK0","were born in the 1800s.",2,"Woman",78
"A35TUIBF05DKM4","were racial minorities.",5,"Man",78
"A2KWGCHV2FILJO","won a Pulitzer Prize, Nobel Prize or National Book Award.",3,"Woman",78
"A1SISJL5ST2PWH","wrote at least one book that remained in continuous print for over 50 years.",4,"Man",78
"A2ZPGKZOQGKE14","ever had their work adapted into a major motion picture.",6,"Man",78
"A3IFKW4672ZW8","ever had their work included in a major literary anthology (e.g. Norton, Oxford).",6,"Man",78
"A320QA9HJFUOZO","published their first book in last 5 years.",3,"Man",78
"AEF5B69YZZO6B","have been writing professionally for over 30 years.",1,"Man",78
"A2YQ9W77DO0EZ0","are still alive.",1,"Woman",78
"ATH29OP6EOTT1","published their first book before the age of 25.",5,"Woman",78
"A5P12YJP805RG","ever wrote poetry.",1,"Man",78
"A24B23HFT6O0PX","ever wrote fiction.",5,"Woman",78
"A30N7QXF4W4VCM","ever had their work included in a major literary anthology (e.g. Norton, Oxford).",3,"Man",78
"A3MYEUI6X43FAX","wrote more than 10 books.",4,"Woman",78
"A3862RIFFUV141","were racial minorities.",3,"Man",78
"A2J4FB7SRHRLXP","wrote primarily about war and civil unrest.",3,"Woman",78
"A1WSCND5HZZV5N","wrote at least one book that remained in continuous print for over 50 years.",3,"Woman",78
"A1USG1YHEXWMEN","published their first book before the age of 25.",4,"Woman",78
"A3760PCQD2MPIO","wrote an autobiography.",2,"Woman",78
"A3W1CKM4PBLRC0","won a Pulitzer Prize, Nobel Prize or National Book Award.",6,"Man",78
"A3S3Y7NJ8WTQG3","wrote more than 10 books.",5,"Man",78
"A9U8D7PZ2PBIE","are still alive.",4,"Woman",78
"A2L2WCKDVO1GDC","ever wrote poetry.",5,"Woman",78
"A3BWZ6V34W8SXX","wrote at least one book that sold over 1 million copies.",5,"Woman",78
"A11P1EW6AE2FOY","published their first book in last 5 years.",5,"Man",78
"A30O47PZ34T46M","died in the last century.",2,"Man",78
"ACBK30I7R42NI","were born in the United States.",7,"Woman",78
"A2L34JGLWPXSMC","wrote  books, poems or essays spanning multiple genres.",6,"Woman",78
"A1QXW6HGZCSSNV","wrote one of the 500 most commonly taught books in US colleges.",4,"Man",78
"A27O2FXGYRSG4B","ever wrote fiction.",5,"Woman",78
"A1SJC733RLU3H0","wrote one of the 500 most commonly taught books in US colleges.",7,"Man",78
"A2U8IBLKZ3K6AY","had their work translated into at least 20 languages.",1,"Man",78
"A2JMEQ3KQFQCRM","ever had their work adapted into a major motion picture.",1,"Woman",78
"A330JJZGJL7IG2","have been writing professionally for over 30 years.",1,"Woman",78
"A157FIPBJHPHNK","were born in the 1800s.",4,"Woman",78
"ALXV981UGOVMZ","were racial minorities.",3,"Man",78
"A8NT30VEC541H","were women.",5,"Woman",78
"A2572CYRIYT5JQ","wrote at least one book that appears on the American Library Association's banned books list.",1,"Man",78
"A1KFK92GEFQ9F5","were women.",5,"Man",78
"A2TZH1PO9PXJRY","died in the last century.",1,"Man",78
"A2A95LW49NBG2E","ever had their work included in a major literary anthology (e.g. Norton, Oxford).",3,"Woman",78
"A14FEOINUAM721","ever had their work adapted into a major motion picture.",5,"Man",78
"A1CVJIKV6XJ6G8","wrote at least one book that sold over 1 million copies.",6,"Woman",78
"A1TJ3TVCUUOYU3","wrote at least one book that remained in continuous print for over 50 years.",1,"Woman",78
"A2M5I73ST0IRPE","have been writing professionally for over 30 years.",6,"Woman",78
"A2EL1B9BOAJID","wrote more than 10 books.",1,"Woman",78
"A1Q0CYO7J7PQOC","had their work translated into at least 20 languages.",5,"Man",78
"AXKCFKFPFLZYM","wrote primarily about war and civil unrest.",6,"Woman",78
"AUQTHU5AOZVQC","ever wrote fiction.",6,"Man",78
"A296QHISHGA73J","were born in the United States.",1,"Man",78
"A12TZ1W76AGOF9","wrote  books, poems or essays spanning multiple genres.",4,"Woman",78
"A2OECH4E1V7MIP","were born in the 1800s.",1,"Man",78
"A3TUAUXK9OP8IJ","are still alive.",5,"Woman",78
"A2BJGFUAAZ0NWF","won a Pulitzer Prize, Nobel Prize or National Book Award.",1,"Woman",78
"A29AZUSDSSMKZL","published their first book in last 5 years.",2,"Man",78
"A2I37S7GQR6X1H","published their first book before the age of 25.",1,"Man",78
"AJMBXR9T9XOUG","wrote an autobiography.",6,"Man",78
"AF1AH59OFZR5Q","ever wrote poetry.",2,"Man",78
"A1XZVHJEBKIUH9","had their work translated into at least 20 languages.",6,"Man",78
"A3D9L16WP7DA5H","have been writing professionally for over 30 years.",2,"Woman",78
"A2B2HQHFBYLTXU","wrote at least one book that remained in continuous print for over 50 years.",3,"Man",78
"A2BLP3G105MLH1","wrote at least one book that appears on the American Library Association's banned books list.",4,"Woman",78
"AEAXBNDD879C1","wrote at least one book that appears on the American Library Association's banned books list.",1,"Man",78
"A3V191XT9SMPH6","ever wrote poetry.",2,"Woman",78
"A2LAE5LO34AK","are still alive.",2,"Man",78
"A1CUI91SURS24A","published their first book before the age of 25.",1,"Woman",78
"A3DNUHMO56BK9X","were racial minorities.",4,"Man",78
"A1DY3PIMI76PJO","wrote one of the 500 most commonly taught books in US colleges.",5,"Woman",78
"A2CB7WDJ9V6VVN","were born in the United States.",5,"Woman",78
"AH7JBX10X0EET","published their first book in last 5 years.",4,"Man",78
"A215VSM181SC0F","ever wrote fiction.",5,"Woman",78
"A3FQ2SYQP4UXFE","wrote primarily about war and civil unrest.",5,"Woman",78
"A3NRB8KXHSFJI6","won a Pulitzer Prize, Nobel Prize or National Book Award.",1,"Woman",78
"A7SW6SVNJ5V6O","ever had their work adapted into a major motion picture.",5,"Man",78
"A1BCNYPY66VAZ6","wrote at least one book that sold over 1 million copies.",3,"Woman",78
"A2ELH6CUC5Y8J4","were women.",3,"Woman",78
"A1N3J21E6L4VVO","wrote an autobiography.",3,"Man",78
"A1WHJXYBN0BA8Q","wrote more than 10 books.",3,"Man",78
"ARHM06ZVMD66V","ever had their work included in a major literary anthology (e.g. Norton, Oxford).",5,"Man",78
"AJ6EZARGMGVPA","won a Pulitzer Prize, Nobel Prize or National Book Award.",6,"Man",78
"A17XWGXPNI17XI","died in the last century.",1,"Woman",78
"A1V0RDWOXP8N7","wrote more than 10 books.",4,"Man",78
"A1AD0Y30P4D5Z9","ever had their work adapted into a major motion picture.",7,"Woman",78
"A2FH9URCUYZDZF","were born in the 1800s.",3,"Woman",78
"A2A26J0H5YQK9B","published their first book in last 5 years.",5,"Man",78
"A2JJIYN79SQWT7","published their first book before the age of 25.",1,"Woman",78
"A4244LT93JX43","wrote at least one book that appears on the American Library Association's banned books list.",1,"Man",78
"A1X82OGJR699GY","ever wrote poetry.",7,"Man",78
"A2W1C5PDHUF25O","were born in the United States.",2,"Man",78
"A1Q8BJP8RU520J","ever had their work included in a major literary anthology (e.g. Norton, Oxford).",3,"Woman",78
"AVETYUW22KOTK","wrote at least one book that sold over 1 million copies.",4,"Woman",78
"A3W51UU781HG5D","were women.",4,"Woman",78
"A277UPR6JWGMWY","wrote at least one book that remained in continuous print for over 50 years.",6,"Man",78
"A27NNW47H4E912","were born in the 1800s.",5,"Man",78
"A1QWQI2ZV6TFOB","are still alive.",1,"Man",78
"A1J7W6CJEL4ADV","wrote  books, poems or essays spanning multiple genres.",6,"Woman",78
"A18XXGMMR8OMW2","have been writing professionally for over 30 years.",2,"Woman",78
"A3K5YBCBVBM3RY","wrote an autobiography.",4,"Woman",78
"AZCYFOXOAP09F","wrote one of the 500 most commonly taught books in US colleges.",4,"Woman",78
"A1VHITL9WRBG8J","were racial minorities.",1,"Man",78
"A3L2CJTA12YOHG","ever wrote fiction.",4,"Non-binary",78
"ANU6OTXYGSSTX","died in the last century.",1,"Woman",78
"A367DFRENYZ3IM","had their work translated into at least 20 languages.",1,"Man",78
"A9KUDJIUCERON","won a Pulitzer Prize, Nobel Prize or National Book Award.",5,"Man",78
"A12HUK2V5MTJRM","wrote  books, poems or essays spanning multiple genres.",6,"Man",78
"AKN590VVSTXL8","wrote primarily about war and civil unrest.",2,"Man",78
"A1KLIFI7PPH514","had their work translated into at least 20 languages.",7,"Man",78
"A2SAABX2NIXJUX","wrote one of the 500 most commonly taught books in US colleges.",4,"Woman",78
"A1NO6ZM4D7A6AB","ever had their work included in a major literary anthology (e.g. Norton, Oxford).",6,"Man",78
"A12TF1LB7EBQE0","wrote  books, poems or essays spanning multiple genres.",7,"Woman",78
"A26N9OR5K0F76","have been writing professionally for over 30 years.",2,"Man",78
"A2OROMUVBD1NVC","are still alive.",3,"Woman",78
"A1QG7OBU8UH8M5","were born in the United States.",4,"Man",78
"A1ZJM4WFHQ96DC","wrote at least one book that sold over 1 million copies.",5,"Woman",78
"AYXXMHLZRAPF9","were women.",2,"Man",78
"A26VIMRF8DA2R0","ever had their work adapted into a major motion picture.",2,"Woman",78
"A1096RYRW37E6M","were born in the 1800s.",1,"Woman",78
"A5A14MTB35J23","published their first book before the age of 25.",1,"Man",78
"AHMHG8491PRQW","died in the last century.",3,"Woman",78
"A3DKM1KM4C4G05","ever wrote poetry.",7,"Woman",78
"AJ11ZVNAOR4QW","wrote at least one book that appears on the American Library Association's banned books list.",1,"Man",78
"A10RPI745Y429J","wrote more than 10 books.",1,"Woman",78
"A2YNPKYEFDZ6C9","wrote an autobiography.",2,"Woman",78
"APA6KY2IYBVVK","published their first book in last 5 years.",1,"Man",78
"A3NKNOE5HIXXL","ever wrote fiction.",3,"Woman",78
"A2UFHATEG76AO5","wrote at least one book that remained in continuous print for over 50 years.",5,"Woman",78
"A17FTRR2SK95W8","were racial minorities.",4,"Man",78
"ANWKES7DJ3ZF8","wrote primarily about war and civil unrest.",4,"Woman",78
"A3H0TLQC53H5MB","wrote more than 10 books.",1,"Man",78
"A314XJY8V1YL12","wrote primarily about war and civil unrest.",3,"Woman",78
"A37V5N3G0UICKO","won a Pulitzer Prize, Nobel Prize or National Book Award.",5,"Man",78
"A38ZJ7F7IDIIRQ","died in the last century.",1,"Woman",78
"A1GOT0DXTYCM4E","were women.",1,"Man",78
"A2DHLFPCDUTK2O","wrote one of the 500 most commonly taught books in US colleges.",5,"Man",78
"A1NFFOJC7KWFIE","ever wrote poetry.",3,"Woman",78
"A312GQYLWLFL99","were racial minorities.",5,"Man",78
"A41X7MP65BTSP","were born in the 1800s.",1,"Woman",78
"A2WNW8A4MOR7T7","ever had their work adapted into a major motion picture.",3,"Man",78
"A2FMRU04FCQC65","ever had their work included in a major literary anthology (e.g. Norton, Oxford).",2,"Woman",78
"A3G1HG9Q8M4UI5","wrote at least one book that appears on the American Library Association's banned books list.",3,"Woman",78
"A6K2AO2O62VNI","were born in the United States.",4,"Woman",78
"A1G5PO0BLQPBJ7","wrote  books, poems or essays spanning multiple genres.",6,"Man",78
"A29761LGRYKDU0","ever wrote fiction.",7,"Man",78
"A1LII4M7CS6C9I","published their first book in last 5 years.",5,"Woman",78
"A1WDV0P4O6ML75","published their first book before the age of 25.",1,"Woman",78
"A1S0N5BIXAQO8I","have been writing professionally for over 30 years.",3,"Man",78
"A2RB40TDS6D4TL","had their work translated into at least 20 languages.",7,"Man",78
"A1EHBAQ0Z6KI32","wrote at least one book that sold over 1 million copies.",6,"Man",78
"A2OYC41VHK6QVH","wrote an autobiography.",1,"Woman",78
"A3C3LBMRCCYYPZ","are still alive.",1,"Woman",78
"A1N8BW04V76ZSY","were born in the United States.",5,"Man",78
"A2Y8CTOLND2394","wrote at least one book that remained in continuous print for over 50 years.",2,"Man",78
"A1OVTCO4LQ7SYI","wrote primarily about war and civil unrest.",3,"Man",78
"A27GH5ITK5BMF0","ever had their work adapted into a major motion picture.",2,"Man",78
"A1UP5HLWPM1LAC","were racial minorities.",5,"Man",78
"A39BR7NYRDWC01","won a Pulitzer Prize, Nobel Prize or National Book Award.",6,"Woman",78
"A1QZFDSPKO9TNY","have been writing professionally for over 30 years.",4,"Man",78
"A1YKYJ33XJU1AD","published their first book in last 5 years.",1,"Woman",78
"A2DVV59R1CQU6T","wrote  books, poems or essays spanning multiple genres.",2,"Non-binary",78
"A326WOXXK2ZPM3","published their first book before the age of 25.",1,"Woman",78
"A2686G9C57JKE9","wrote at least one book that remained in continuous print for over 50 years.",6,"Woman",78
"A1OR82RF1ZFWP","wrote at least one book that appears on the American Library Association's banned books list.",2,"Woman",78
"A2CQVB47HLEH3Z","ever wrote fiction.",5,"Man",78
"A1OQ4WMWA6WCUV","were women.",5,"Man",78
"A34FFFROPR98NA","died in the last century.",5,"Woman",78
"A13CXQGLSH6QY8","ever wrote poetry.",7,"Woman",78
"A376YLNVO87MLZ","wrote one of the 500 most commonly taught books in US colleges.",1,"Woman",78
"AMZZ3D0GQ55KD","wrote more than 10 books.",4,"Woman",78
"A364RSKC1UZO23","are still alive.",2,"Man",78
"A2JZTR2ZSALGH4","had their work translated into at least 20 languages.",5,"Woman",78
"A10QZC063IGNSU","ever had their work included in a major literary anthology (e.g. Norton, Oxford).",4,"Man",78
"A14ZR4Y55Y47U0","were born in the 1800s.",4,"Woman",78
"AUOYNTK0GOFOM","wrote at least one book that sold over 1 million copies.",3,"Man",78
"A1E8BZC6FKLEIJ","wrote an autobiography.",5,"Man",78
"A1MP2LUZJGEHDA","published their first book in last 5 years.",1,"Man",78
"AD1ILDUXZHASF","have been writing professionally for over 30 years.",2,"Man",78
"ADATJMIZE412Z","were born in the 1800s.",2,"Man",78
"A3NRAEKWOKVUNN","wrote an autobiography.",2,"Woman",78
"A1J21DM2Z753X4","wrote  books, poems or essays spanning multiple genres.",4,"Man",78
"AUFWWPBI8BCWN","published their first book before the age of 25.",1,"Woman",78
"A2K0L9M1ZZO5C9","ever wrote poetry.",4,"Woman",78
"AVMSKBK9JWV0M","ever had their work adapted into a major motion picture.",3,"Man",78
"A1497L153RMH2L","ever wrote fiction.",6,"Man",78
"A11QWLGR1FTZ1B","wrote at least one book that appears on the American Library Association's banned books list.",4,"Man",78
"A2QAIKLUOIKOI5","wrote primarily about war and civil unrest.",1,"Man",78
"A4RWPPTZ8HEAG","won a Pulitzer Prize, Nobel Prize or National Book Award.",7,"Woman",78
"A4E9PAW7HK51E","are still alive.",4,"Woman",78
"AUWM6BKW5836O","wrote at least one book that sold over 1 million copies.",1,"Woman",78
"A1MCJKWCVOMN8O","won a Pulitzer Prize, Nobel Prize or National Book Award.",6,"Woman",78
"A2QQBI5WI2UJ1D","wrote more than 10 books.",4,"Man",78
"A1LBJ5IX3YHCUK","were women.",5,"Woman",78
"ALUDXW3IOA47K","died in the last century.",4,"Woman",78
"A15XMYNO2EXKV1","wrote at least one book that remained in continuous print for over 50 years.",6,"Man",78
"A2HKUIA323TZOW","had their work translated into at least 20 languages.",2,"Man",78
"A1DQU7GUF8OT5C","ever had their work included in a major literary anthology (e.g. Norton, Oxford).",1,"Woman",78
"AGUDTMZ93Z5CF","were born in the United States.",1,"Woman",78
"A2Z5SA1J1XN84J","were racial minorities.",4,"Man",78
"A12WRJ2ZMDW3SU","wrote one of the 500 most commonly taught books in US colleges.",3,"Woman",78
"A18EH4D5TVGND5","ever wrote fiction.",2,"Man",78
"A1G98ADVAQS6FL","were racial minorities.",4,"Man",78
"A2BYI9Q8O5OLK2","have been writing professionally for over 30 years.",2,"Woman",78
"A24E737D0977EH","ever had their work adapted into a major motion picture.",2,"Woman",78
"AYJ21KR003B23","wrote an autobiography.",2,"Woman",78
"A1AB1BMULT9JLE","ever had their work included in a major literary anthology (e.g. Norton, Oxford).",1,"Woman",78
"A3Z44CGQUUJ1X","were women.",5,"Man",78
"A18W4LA9HEQ0W6","are still alive.",2,"Man",78
"A2A4LHPXF2E2GS","were born in the United States.",5,"Woman",78
"A14ADQ7RUN6TDY","wrote at least one book that appears on the American Library Association's banned books list.",2,"Man",78
"A173XG3NZ7JPT7","were born in the 1800s.",1,"Woman",78
"A2RWE3W6B5KVEG","wrote at least one book that sold over 1 million copies.",5,"Man",78
"A2LI51CANHJ00M","wrote at least one book that remained in continuous print for over 50 years.",5,"Man",78
"A2EM7RPFW3DU9N","published their first book in last 5 years.",1,"Woman",78
"A1TPGXT718D68E","died in the last century.",1,"Woman",78
"A1OKFYVJTEK4BI","wrote more than 10 books.",4,"Man",78
"A1BBV095XW45EU","published their first book before the age of 25.",4,"Man",78
"AO75QMMJUK1OD","wrote primarily about war and civil unrest.",1,"Woman",78
"A2YBRWIUM45CAJ","wrote one of the 500 most commonly taught books in US colleges.",3,"Woman",78
"A3NX1SYN0N1H5M","wrote  books, poems or essays spanning multiple genres.",2,"Man",78
"AJE8ER94166G2","ever wrote poetry.",5,"Man",78
"A2F7SADPCRYRSO","had their work translated into at least 20 languages.",2,"Woman",78
"A1INIU5LAP6Z4J","wrote at least one book that sold over 1 million copies.",3,"Man",78
"A33H75N0MVRU8Y","ever had their work adapted into a major motion picture.",5,"Man",78
"A10EQASJQ0DBUH","were racial minorities.",4,"Woman",78
"A3MJSYSWX0Q4WQ","ever had their work included in a major literary anthology (e.g. Norton, Oxford).",7,"Woman",78
"A3F2UUP5LDLESJ","wrote primarily about war and civil unrest.",4,"Man",78
"ARVAYIUV7ZD","published their first book before the age of 25.",5,"Man",78
"A147O9J0TAPA77","won a Pulitzer Prize, Nobel Prize or National Book Award.",5,"Man",78
"A2CXCRCQN4AM46","wrote at least one book that remained in continuous print for over 50 years.",5,"Woman",78
"A2ER0EVZ7E1Z8G","ever wrote fiction.",2,"Man",78
"A3J79GSLBDFSR0","wrote at least one book that appears on the American Library Association's banned books list.",5,"Woman",78
"A3TXCGM53BXGXB","wrote more than 10 books.",1,"Man",78
"A1Z8VN97YAD6XB","ever wrote poetry.",3,"Woman",78
"A2HR0V0K34J4PE","ever wrote poetry.",2,"Man",78
"A460DN2EEDJR9","were born in the United States.",1,"Man",78
"A1TA30P0NOOGE2","have been writing professionally for over 30 years.",4,"Man",78
"A1E8WU0ER9WT88","published their first book in last 5 years.",7,"Man",78
"A3FLH9JVIQJWM2","wrote one of the 500 most commonly taught books in US colleges.",5,"Woman",78
"A8GD33ZJ1SAA5","were women.",5,"Woman",78
"ABGJTPO1P1DLN","wrote  books, poems or essays spanning multiple genres.",5,"Man",78
"A39MO8EQO830XU","are still alive.",5,"Woman",78
"AKC6351TW2FA4","died in the last century.",3,"Woman",78
"A3722NOMVUK89T","wrote an autobiography.",4,"Man",78
"AJKA9BKC011F2","had their work translated into at least 20 languages.",4,"Woman",78
"ATNHPTIYYP9F6","were born in the 1800s.",2,"Man",78
"A3WPJ5A70OWC6","won a Pulitzer Prize, Nobel Prize or National Book Award.",5,"Woman",78
"A1IXVPKQT4DXTG","wrote  books, poems or essays spanning multiple genres.",4,"Woman",78
"A4GXHVTRGW5P8","wrote at least one book that appears on the American Library Association's banned books list.",6,"Woman",78
"A1AB1BMULT9JLE","wrote at least one book that sold over 1 million copies.",4,"Man",78
"A26ZENZ5G8AEGM","ever wrote fiction.",1,"Woman",78
"A4XZS2EY43OLT","published their first book in last 5 years.",5,"Man",78
"A2SQNS3J389FRJ","were born in the United States.",3,"Man",78
"A17TLDNMY6UBP","wrote primarily about war and civil unrest.",2,"Woman",78
"A2QPMJ4GADLUW2","were racial minorities.",4,"Man",78
"A2XORWNVOAM04X","ever had their work included in a major literary anthology (e.g. Norton, Oxford).",5,"Man",78
"A1W845RVTAYPYN","wrote more than 10 books.",3,"Man",78
"A13J3RCDUBXQ7E","were born in the 1800s.",1,"Woman",78
"A246PYUSG06CU","have been writing professionally for over 30 years.",4,"Woman",78
"A3EKWPKR0OX8P8","wrote an autobiography.",1,"Man",78
"A1RTSWQLSN8FKX","wrote one of the 500 most commonly taught books in US colleges.",3,"Man",78
"A3CFNUD7VR2E1E","had their work translated into at least 20 languages.",3,"Woman",78
"A1C6GQWQ0EFHC0","died in the last century.",2,"Woman",78
"A3N15463MQO5VF","were women.",5,"Woman",78
"A2WCCV1W8UE8ED","ever had their work adapted into a major motion picture.",5,"Man",78
"AY19ULG6HXDEH","are still alive.",7,"Man",78
"A300EIG5Y9T94G","wrote at least one book that remained in continuous print for over 50 years.",4,"Woman",78
"A2CSENNI43N272","ever had their work adapted into a major motion picture.",2,"Man",78
"A3F76JTVRBUL8U","ever had their work included in a major literary anthology (e.g. Norton, Oxford).",5,"Man",78
"AWO4DDM0X826U","published their first book before the age of 25.",2,"Man",78
"AYG8B3ZK9K6E4","wrote at least one book that remained in continuous print for over 50 years.",2,"Man",78
"A3QQQYS05GPP7W","published their first book before the age of 25.",2,"Man",78
"A1519KIAPI6IX9","ever wrote fiction.",5,"Man",78
"A45J7XAPDUV5M","published their first book in last 5 years.",5,"Man",78
"A3K1JTEB70E4FV","wrote at least one book that appears on the American Library Association's banned books list.",1,"Woman",78
"A3MGFSJYLAJ6CU","wrote an autobiography.",4,"Man",78
"A3LEZ6MCK2JCQJ","were born in the 1800s.",1,"Man",78
"ADCR5D7IASO96","ever wrote poetry.",2,"Woman",78
"A1VKVBVPK57OD5","died in the last century.",5,"Man",78
"A19Y8QDS9ABVD4","were racial minorities.",1,"Man",78
"A1JRP31XJIU7NV","were born in the United States.",4,"Man",78
"A16TB6KOY5OX79","wrote more than 10 books.",5,"Woman",78
"A1ZSL5ZLN9DLAK","won a Pulitzer Prize, Nobel Prize or National Book Award.",3,"Man",78
"AXBBXKSC9VFSW","wrote one of the 500 most commonly taught books in US colleges.",1,"Man",78
"AMSIMHJ3Y72FC","were women.",3,"Man",78
"A1IID9HW53QMHF","wrote at least one book that sold over 1 million copies.",6,"Man",78
"AFXEVBHK1C6PD","wrote primarily about war and civil unrest.",4,"Woman",78
"A380V7E6PXX96Y","have been writing professionally for over 30 years.",1,"Man",78
"A1CNHTABS12V7","are still alive.",1,"Man",78
"A3FF0JJBUSBGAY","had their work translated into at least 20 languages.",2,"Man",78
"A1C5J40P3I65EI","wrote  books, poems or essays spanning multiple genres.",2,"Woman",78
"A2I8VQ82MC7MIZ","wrote at least one book that sold over 1 million copies.",1,"Man",78
"A3RIRPQUI0EC6D","died in the last century.",5,"Woman",78
"A2O7Q5Z38URZ2X","had their work translated into at least 20 languages.",3,"Man",78
"A3GBALRPEY85U2","are still alive.",1,"Woman",78
"A118KQORTQPWYY","ever had their work included in a major literary anthology (e.g. Norton, Oxford).",6,"Woman",78
"A1IZ3VPPBI86P4","published their first book in last 5 years.",4,"Woman",78
"AC0T1FWENN2SX","won a Pulitzer Prize, Nobel Prize or National Book Award.",6,"Man",78
"A17C8CUROFU495","wrote primarily about war and civil unrest.",3,"Woman",78
"A1DINOR5IK1YC4","ever wrote poetry.",1,"Woman",78
"A21Q1TXU3XE8HR","wrote more than 10 books.",2,"Man",78
"A120BPNC6SP4GO","were women.",6,"Man",78
"A1GD3MQELM1R9M","were born in the 1800s.",1,"Woman",78
"A1W6NTSBP1FIL0","wrote an autobiography.",2,"Man",78
"A2I48DCI8GEH2M","wrote  books, poems or essays spanning multiple genres.",3,"Man",78
"A3H409OOR6NJF","published their first book before the age of 25.",1,"Man",78
"A3U0JKK8IXEP7D","wrote at least one book that remained in continuous print for over 50 years.",4,"Woman",78
"A22PZ9U9DGY0S6","were born in the United States.",6,"Woman",78
"A1JM5XNB4NCZR6","have been writing professionally for over 30 years.",3,"Man",78
"A2AOQT7U152D8Z","were racial minorities.",2,"Man",78
"A3UTB3ECQOXL5D","ever wrote fiction.",1,"Man",78
"A3D7N05PQ2LLNJ","ever had their work adapted into a major motion picture.",4,"Man",78
"A36OBCINZGTPKD","wrote at least one book that appears on the American Library Association's banned books list.",3,"Woman",78
"A2FKDFCU383DNF","wrote one of the 500 most commonly taught books in US colleges.",4,"Man",78
"A12NV2EJBTXRE","ever had their work adapted into a major motion picture.",3,"Woman",78
"A2R4LTR8P34P41","ever wrote fiction.",5,"Man",78
"AX3RDV6XXR1XB","wrote an autobiography.",5,"Man",78
"AEAN228XSNGY5","wrote one of the 500 most commonly taught books in US colleges.",5,"Woman",78
"A1O8RNSP179EBP","wrote at least one book that appears on the American Library Association's banned books list.",7,"Man",78
"A34W5KRRL6MLJ1","were born in the United States.",1,"Man",78
"A3TPCXJD1H8UNY","had their work translated into at least 20 languages.",1,"Woman",78
"AUZ3YWTVBISNH","died in the last century.",2,"Man",78
"A1IEYSF6N6ELI6","won a Pulitzer Prize, Nobel Prize or National Book Award.",4,"Man",78
"A122MZOQT9A8XL","wrote primarily about war and civil unrest.",7,"Man",78
"A3ADQ2RLQNJQDU","published their first book in last 5 years.",1,"Woman",78
"A3TER49WE8HZG","ever had their work included in a major literary anthology (e.g. Norton, Oxford).",2,"Man",78
"A38N9TMLW85M00","were racial minorities.",2,"Man",78
"A34GH9SAZ3NAGE","are still alive.",1,"Woman",78
"A1H4GJFI4NJWKV","have been writing professionally for over 30 years.",5,"Woman",78
"A2WU2VYT4U5DZJ","wrote more than 10 books.",1,"Man",78
"A3JURQMNNA4OKD","were born in the 1800s.",1,"Woman",78
"AK2YUQUFZN1L6","wrote at least one book that remained in continuous print for over 50 years.",5,"Man",78
"A1I7H6RDJS4EKN","wrote  books, poems or essays spanning multiple genres.",6,"Man",78
"A2SEO2FNVT5YFX","wrote at least one book that sold over 1 million copies.",1,"Woman",78
"A3KUZ2JNKHZBQK","were women.",4,"Woman",78
"A2PCR8QD4GNB1K","published their first book before the age of 25.",3,"Woman",78
"A3KCG6O1OOK3Y5","wrote more than 10 books.",7,"Woman",78
"ACR3QTY75BUTN","ever wrote poetry.",2,"Man",78
"A1CUNREHZ98VOS","wrote primarily about war and civil unrest.",2,"Man",78
"A6KOTWP7N7RLU","ever wrote fiction.",6,"Man",78
"A3NMXJ6BHTX1N6","died in the last century.",4,"Woman",78
"A24IWWIUPASCQJ","wrote an autobiography.",7,"Man",78
"A2TTPULEGF8963","were racial minorities.",4,"Woman",78
"A1AYQ8E01NSY5Z","published their first book in last 5 years.",4,"Man",78
"AHUNR2YEZW58R","won a Pulitzer Prize, Nobel Prize or National Book Award.",5,"Woman",78
"A2G41SVNHTHAPK","had their work translated into at least 20 languages.",1,"Man",78
"A1VFSNVFK883XU","were born in the United States.",1,"Man",78
"A1XFQWYHJU1IQZ","wrote at least one book that remained in continuous print for over 50 years.",6,"Woman",78
"A3I0ITCG0HKFFZ","published their first book before the age of 25.",1,"Woman",78
"A1KDWFKTPB9LHM","have been writing professionally for over 30 years.",2,"Woman",78
"A1OIIHLOC90XCH","ever had their work adapted into a major motion picture.",5,"Woman",78
"ADIW4L4IGU98R","ever had their work included in a major literary anthology (e.g. Norton, Oxford).",1,"Man",78
"A2WC99P2MCT85P","were born in the 1800s.",3,"Woman",78
"A1138Y7XCFT62","wrote at least one book that sold over 1 million copies.",5,"Man",78
"A2SM3945BTIU0I","wrote at least one book that appears on the American Library Association's banned books list.",1,"Woman",78
"A3F74UK0ST9T2L","ever wrote poetry.",1,"Woman",78
"A3UHHP4M8SI6OO","wrote one of the 500 most commonly taught books in US colleges.",4,"Man",78
"A3SXLDDJ42IYKN","are still alive.",2,"Man",78
"A3503625JEYO1I","wrote  books, poems or essays spanning multiple genres.",2,"Man",78
"AVORD07DL7CS5","were women.",1,"Man",78
"A3P675LD4LPFVV","are still alive.",3,"Man",78
"A3QA0B0ZI9EBYN","were born in the 1800s.",5,"Man",78
"A3UC9N3EEE6733","wrote at least one book that sold over 1 million copies.",3,"Woman",78
"A1C5TNF5AI50EF","ever wrote poetry.",7,"Woman",78
"A3NNDWKAXCN89K","wrote at least one book that remained in continuous print for over 50 years.",5,"Woman",78
"A2M2U7XUBA4CAN","wrote  books, poems or essays spanning multiple genres.",4,"Man",78
"A1RQ3N0WFVI87","won a Pulitzer Prize, Nobel Prize or National Book Award.",4,"Woman",78
"A18E16UFE351U6","have been writing professionally for over 30 years.",2,"Woman",78
"A6S8BJMBFDE9B","were women.",5,"Man",78
"A1A3IZ30V2JU65","had their work translated into at least 20 languages.",5,"Man",78
"A24I5N406D8R22","ever wrote fiction.",4,"Man",78
"A1SI8RVM6CU2LP","ever had their work included in a major literary anthology (e.g. Norton, Oxford).",6,"Man",78
"A1FTHQ9Y3IPX1F","died in the last century.",4,"Woman",78
"AVRV5IDK5O4S6","wrote primarily about war and civil unrest.",7,"Man",78
"A24UCKQEFVRW74","published their first book in last 5 years.",1,"Man",78
"A3C4GMXBQR6LIQ","wrote one of the 500 most commonly taught books in US colleges.",5,"Woman",78
"A16EMQ53285QDR","were racial minorities.",7,"Man",78
"AHM9DHGQ3SP98","wrote at least one book that appears on the American Library Association's banned books list.",3,"Man",78
"A2LDDDJ4WBKB8Y","were born in the United States.",6,"Non-binary",78
"A1HYFB36R5PI0T","ever had their work adapted into a major motion picture.",4,"Woman",78
"A4EEVK4PD4NOC","published their first book before the age of 25.",1,"Woman",78
"A214YP1LSSM7BM","wrote an autobiography.",1,"Man",78
"A2S40F01GUWC6P","wrote more than 10 books.",1,"Man",78
"A7TYKQXWAIV7C","had their work translated into at least 20 languages.",4,"Woman",78
"A2Z6EQWA4XJQGI","wrote primarily about war and civil unrest.",3,"Woman",78
"AEH06EBUEPLUG","wrote at least one book that sold over 1 million copies.",7,"Woman",78
"A3M9ZVPFDH5BGJ","wrote  books, poems or essays spanning multiple genres.",3,"Woman",78
"A2TXC8Q2IFGRXH","died in the last century.",2,"Man",78
"A1PX3VHCGYY0XS","won a Pulitzer Prize, Nobel Prize or National Book Award.",5,"Man",78
"A3PQVDFT21IISU","wrote at least one book that appears on the American Library Association's banned books list.",4,"Woman",78
"A1KBVSD51H73BV","published their first book before the age of 25.",1,"Woman",78
"A2SWQM5X54P1O5","were born in the United States.",3,"Woman",78
"AN45KLUESX3NY","wrote an autobiography.",6,"Woman",78
"AVBT6U06WXR9C","ever had their work included in a major literary anthology (e.g. Norton, Oxford).",1,"Woman",78
"A2196WCNDZULFS","were racial minorities.",6,"Woman",78
"AKGA0Q9RA4CG8","wrote more than 10 books.",3,"Woman",78
"A22GQUUNZAP02U","wrote one of the 500 most commonly taught books in US colleges.",5,"Man",78
"ABULTIU20G1NA","are still alive.",1,"Non-binary",78
"A1AOHGGVRVIY1V","ever had their work adapted into a major motion picture.",3,"Man",78
"A33B85TN97HQ33","ever wrote poetry.",1,"Woman",78
"A3DNDYUYCUC9A5","were born in the 1800s.",3,"Woman",78
"A144N9R7W4H67O","were women.",1,"Man",78
"AYUBSG6FZ9DVU","have been writing professionally for over 30 years.",1,"Man",78
"AO9OSKUOHV0WN","published their first book in last 5 years.",6,"Man",78
"A12RF9L2BN8B5W","wrote at least one book that remained in continuous print for over 50 years.",4,"Man",78
"AC82QGLTTJSA","published their first book in last 5 years.",4,"Man",78
"A30L6WRVVWZVEN","ever wrote fiction.",7,"Woman",78
"A16E8BQLG16N3F","ever wrote poetry.",3,"Man",78
"A21VSWO39YO5KM","wrote more than 10 books.",3,"Man",78
"AWRUVBXN30XAY","were born in the United States.",3,"Man",78
"A2H9FMJIC40XBI","ever had their work included in a major literary anthology (e.g. Norton, Oxford).",1,"Woman",78
"A25GVZYDAMY6E8","wrote at least one book that sold over 1 million copies.",2,"Man",78
"A1OFG93Z1NN049","wrote at least one book that appears on the American Library Association's banned books list.",4,"Man",78
"A23XR87ATML7A2","were born in the 1800s.",4,"Man",78
"A2176M1ORXZOKJ","have been writing professionally for over 30 years.",2,"Woman",78
"A2VUF0V7HT51Q3","wrote primarily about war and civil unrest.",2,"Woman",78
"ACJNWSBIVI46H","won a Pulitzer Prize, Nobel Prize or National Book Award.",1,"Man",78
"A24G5XZLX3RDE2","wrote an autobiography.",3,"Woman",78
"A32UQVR725KLTX","are still alive.",5,"Man",78
"A1A1RIYOYUF6P4","wrote one of the 500 most commonly taught books in US colleges.",6,"Man",78
"A1UAZP9BSMR5CH","were racial minorities.",1,"Man",78
"A2LL81ERU0Y7E6","wrote  books, poems or essays spanning multiple genres.",1,"Man",78
"AG1Y17RVT1895","were women.",4,"Man",78
"A2H7MAB7MRH5VR","had their work translated into at least 20 languages.",3,"Woman",78
"A3KG6D3CQDEURV","published their first book before the age of 25.",1,"Woman",78
"A3G5OWGKHW6OL5","had their work translated into at least 20 languages.",5,"Man",78
"A22D5SCSQ6K2RP","wrote at least one book that remained in continuous print for over 50 years.",5,"Woman",78
"A2DJ95HY0IJ82H","ever had their work adapted into a major motion picture.",2,"Woman",78
"A18YUB2AG0EPQ4","died in the last century.",1,"Woman",78
"A3A085ICG2OFHH","wrote more than 10 books.",1,"Woman",78
"A3NY4B53Z2K6GP","ever wrote fiction.",6,"Man",78
"A3GSFW1P5NPG9B","wrote at least one book that sold over 1 million copies.",4,"Man",78
"AMYD8577BYY04","are still alive.",1,"Man",78
"ASC9DUCC64M3P","wrote at least one book that appears on the American Library Association's banned books list.",5,"Woman",78
"A34Z3DVUOHC61R","wrote primarily about war and civil unrest.",1,"Woman",78
"A2TLN8489YGY81","ever had their work included in a major literary anthology (e.g. Norton, Oxford).",1,"Man",78
"A4ZCS7YTJS0DF","ever wrote poetry.",2,"Woman",78
"A27B0BV6MNTEPZ","were racial minorities.",1,"Man",78
"A252DG852TO5IQ","wrote an autobiography.",2,"Woman",78
"A21HKKY734LWFV","died in the last century.",6,"Woman",78
"A23XR87ATML7A2","ever wrote fiction.",7,"Man",78
"A22LB4O4UZ7F0","wrote one of the 500 most commonly taught books in US colleges.",4,"Man",78
"ABCH0AQ8NYM41","were women.",5,"Woman",78
"A171C7B6HHSEGH","were born in the United States.",5,"Man",78
"AM7KUJM4MQOBM","have been writing professionally for over 30 years.",5,"Man",78
"AZ4MMVSAY9L3X","wrote at least one book that remained in continuous print for over 50 years.",3,"Man",78
"A2YHOJLEZR8663","were born in the 1800s.",2,"Man",78
"A6TA4KG08H6T0","wrote  books, poems or essays spanning multiple genres.",7,"Woman",78
"A3D78UDA62ERX6","ever had their work adapted into a major motion picture.",3,"Woman",78
"A14Z1JSAR9JEON","published their first book in last 5 years.",4,"Man",78
"ACY3ZOOZMVS7Y","published their first book before the age of 25.",1,"Woman",78
"A3CV0UWV1F4P2Z","won a Pulitzer Prize, Nobel Prize or National Book Award.",5,"Man",78
"A232YUK4LBHWN5","ever wrote poetry.",2,"Man",78
"A2KHLJ2F58BEZK","were born in the 1800s.",4,"Man",78
"A31TXJQH5S8SVQ","ever wrote fiction.",2,"Man",78
"A1IHKUDBWZ9FGA","wrote at least one book that remained in continuous print for over 50 years.",6,"Woman",78
"AMX5R6NLYNA2K","wrote more than 10 books.",1,"Man",78
"A2QJH6SM06D8OR","wrote  books, poems or essays spanning multiple genres.",5,"Woman",78
"A24BHVGF748W4X","were women.",5,"Man",78
"AWYKYM16CB00Z","were racial minorities.",7,"Woman",78
"A2MX5YW3DSQ61W","wrote one of the 500 most commonly taught books in US colleges.",1,"Woman",78
"A346XUUK22V9AZ","won a Pulitzer Prize, Nobel Prize or National Book Award.",4,"Woman",78
"A3191G66DZEGEB","wrote an autobiography.",2,"Man",78
"A2Z0D73YYRCGQE","had their work translated into at least 20 languages.",1,"Man",78
"A9WFXKAF1RF5Q","wrote at least one book that sold over 1 million copies.",4,"Woman",78
"AQVUQXQ9YCNBJ","have been writing professionally for over 30 years.",5,"Man",78
"A2AY9FXPXCAC5F","published their first book in last 5 years.",1,"Woman",78
"AQ4H0139CMJZS","wrote primarily about war and civil unrest.",2,"Man",78
"AF18OIZ0GWGP2","died in the last century.",1,"Woman",78
"A2K798WYCR4K3O","ever had their work adapted into a major motion picture.",2,"Man",78
"A2GSFW3FDWRC96","were born in the United States.",7,"Man",78
"A354IL6K61ZWHP","wrote at least one book that appears on the American Library Association's banned books list.",5,"Woman",78
"AH11KAGW5PNN8","published their first book before the age of 25.",2,"Man",78
"A22DP0ST9DWG9O","ever had their work included in a major literary anthology (e.g. Norton, Oxford).",2,"Man",78
"AU04NHNF2WGMK","are still alive.",3,"Woman",78
"A3G0GCV9L0OYJC","ever had their work included in a major literary anthology (e.g. Norton, Oxford).",2,"Man",78
"A1PXIIDBEHCLIJ","were women.",3,"Man",78
"A255ELJ8FE59P","wrote at least one book that remained in continuous print for over 50 years.",5,"Woman",78
"A29VOJ4VU4TA4L","wrote at least one book that appears on the American Library Association's banned books list.",3,"Woman",78
"A1M9CV85BU3AML","had their work translated into at least 20 languages.",4,"Woman",78
"A25FNSFSB048DL","ever wrote poetry.",2,"Man",78
"A1LEX8DWAS98XU","published their first book in last 5 years.",4,"Woman",78
"A1J4N2SE30LCUH","are still alive.",3,"Man",78
"A1RIQJKOSQ4UTE","published their first book before the age of 25.",2,"Man",78
"A2BSR8ROB0T3OG","were born in the United States.",4,"Woman",78
"A3G7NGNCTTW422","wrote more than 10 books.",3,"Man",78
"A25N802S4J344I","were racial minorities.",3,"Man",78
"A2N66KUYK0N3VU","wrote an autobiography.",2,"Man",78
"A24EYMUIGY8M5O","ever had their work adapted into a major motion picture.",3,"Man",78
"A3NQCNT2YRILVB","ever wrote fiction.",3,"Man",78
"A2AO9UZ0P1VH9O","were born in the 1800s.",1,"Man",78
"A2LU7CL50XLYJO","have been writing professionally for over 30 years.",3,"Man",78
"A2GC6RYOYAZAP7","wrote primarily about war and civil unrest.",3,"Man",78
"A2TVZWHAPAMXGH","won a Pulitzer Prize, Nobel Prize or National Book Award.",4,"Man",78
"A532HQ85YHI28","wrote one of the 500 most commonly taught books in US colleges.",5,"Woman",78
"A33GB614ST7J82","died in the last century.",2,"Man",78
"A3NG205QJ48IM4","wrote at least one book that sold over 1 million copies.",1,"Woman",78
"A3DAOQPWXEOZFL","were born in the United States.",1,"Man",78
"AL7UTA8J27TFK","have been writing professionally for over 30 years.",1,"Man",78
"AOSO1D81K0ET0","wrote  books, poems or essays spanning multiple genres.",5,"Man",78
"A3SG7X62O8X691","published their first book in last 5 years.",5,"Woman",78
"A2AQOUY01JXSXQ","were born in the 1800s.",2,"Woman",78
"A1TOR2L7RRFMCQ","wrote an autobiography.",4,"Man",78
"A39L5W9N08RN33","ever had their work adapted into a major motion picture.",1,"Woman",78
"AMV7BVFW0XA03","are still alive.",3,"Woman",78
"A3VTOJCSGEWY3X","wrote at least one book that sold over 1 million copies.",7,"Another gender not listed here:",78
"A2IQPCAZH3Z2YH","ever wrote poetry.",5,"Man",78
"A3C3QQ9BL4J703","had their work translated into at least 20 languages.",5,"Woman",78
"A2RZ689FKSFOLS","wrote  books, poems or essays spanning multiple genres.",4,"Woman",78
"A3KOT3B7E14QGF","ever wrote fiction.",7,"Woman",78
"A1W15J3LW3V1WF","were women.",3,"Woman",78
"A150EMGIGP8DPD","wrote more than 10 books.",3,"Man",78
"A2Y34ZRWFO81FH","ever had their work included in a major literary anthology (e.g. Norton, Oxford).",1,"Man",78
"A3KD3WQFZ5FDC0","wrote at least one book that appears on the American Library Association's banned books list.",4,"Non-binary",78
"A2G5RVYFXV68BD","wrote at least one book that remained in continuous print for over 50 years.",5,"Woman",78
"A379IGNBA85XC8","won a Pulitzer Prize, Nobel Prize or National Book Award.",5,"Woman",78
"A2J1YAU6MSQZCF","died in the last century.",2,"Man",78
"A1J2K2GKXCO2Z3","wrote one of the 500 most commonly taught books in US colleges.",7,"Woman",78
"A1VG6B11UHXNZ9","published their first book before the age of 25.",1,"Man",78
"A9UQ3W297H8KC","were racial minorities.",4,"Man",78
"A3SYO81HJTJSV3","wrote primarily about war and civil unrest.",2,"Woman",78
"A387QR9H4L2IHO","ever wrote fiction.",4,"Man",78
"A1S8DYWNS59XWB","were born in the United States.",3,"Man",78
"A3EVXSWHYA1PTT","ever had their work adapted into a major motion picture.",1,"Woman",78
"A3D08YA4AFEELJ","wrote  books, poems or essays spanning multiple genres.",6,"Man",78
"A1YOX3OT79RVW9","were born in the 1800s.",3,"Woman",78
"A3FAQHVPI8OUP0","wrote more than 10 books.",3,"Man",78
"AHK0H8GTO70K4","published their first book before the age of 25.",1,"Man",78
"A2SAT0OFWA5TNL","had their work translated into at least 20 languages.",1,"Man",78
"AGI5NF23IF3LQ","were women.",4,"Man",78
"A28IHC0VW61IPB","wrote an autobiography.",2,"Woman",78
"A2A91NSJ5LMGOT","wrote at least one book that sold over 1 million copies.",5,"Woman",78
"A2S1ICS5N1X1KV","were racial minorities.",4,"Woman",78
"A3MRV2EIPM5KU","published their first book in last 5 years.",3,"Man",78
"A2QFNRJNY1POP9","wrote at least one book that remained in continuous print for over 50 years.",1,"Man",78
"A3M0L33TPD346S","wrote at least one book that appears on the American Library Association's banned books list.",4,"Man",78
"A2YTTNEX6T1W1W","have been writing professionally for over 30 years.",4,"Man",78
"A3BSK47WPPE876","ever had their work included in a major literary anthology (e.g. Norton, Oxford).",2,"Woman",78
"A2PE5PMOOANFIX","wrote primarily about war and civil unrest.",2,"Woman",78
"A21PM19KMCUVFN","wrote one of the 500 most commonly taught books in US colleges.",5,"Man",78
"AYO8GRKMVF8JR","ever wrote poetry.",4,"Man",78
"A3PZFJZ8Q17O33","are still alive.",6,"Woman",78
"A3UQ5DF8VVD975","died in the last century.",2,"Man",78
"A1UZ91EFSJFUM8","wrote at least one book that remained in continuous print for over 50 years.",5,"Woman",78
"A2UKE5M4IZP49P","won a Pulitzer Prize, Nobel Prize or National Book Award.",2,"Man",78
"AVD6HMIO1HLFI","were women.",4,"Man",78
